/*******************************************************************************
 * Size: 25 px
 * Bpp: 8
 * Opts: --bpp 8 --size 25 --font E:/DIY/Car obd/T-Display-S3-DS-1.43-YT/01-Auto-Gauge/My_Speedo/assets/Fonts/Tomorrow-MediumItalic.ttf -o E:/DIY/Car obd/T-Display-S3-DS-1.43-YT/01-Auto-Gauge/My_Speedo/assets/Fonts\ui_font_t25.c --format lvgl -r 0x20-0x7f --no-compress --no-prefilter
 ******************************************************************************/

#include "../ui.h"

#ifndef UI_FONT_T25
#define UI_FONT_T25 1
#endif

#if UI_FONT_T25

/*-----------------
 *    BITMAPS
 *----------------*/

/*Store the image of the glyphs*/
static LV_ATTRIBUTE_LARGE_CONST const uint8_t glyph_bitmap[] = {
    /* U+0020 " " */

    /* U+0021 "!" */
    0x0, 0x0, 0x0, 0x0, 0xf3, 0xff, 0xfe, 0xf,
    0x0, 0x0, 0x0, 0x1d, 0xff, 0xff, 0xdb, 0x0,
    0x0, 0x0, 0x0, 0x45, 0xff, 0xff, 0xa8, 0x0,
    0x0, 0x0, 0x0, 0x6d, 0xff, 0xff, 0x76, 0x0,
    0x0, 0x0, 0x0, 0x95, 0xff, 0xff, 0x43, 0x0,
    0x0, 0x0, 0x0, 0xbd, 0xff, 0xff, 0x11, 0x0,
    0x0, 0x0, 0x0, 0xe5, 0xff, 0xdd, 0x0, 0x0,
    0x0, 0x0, 0xd, 0xff, 0xff, 0xab, 0x0, 0x0,
    0x0, 0x0, 0x35, 0xff, 0xff, 0x78, 0x0, 0x0,
    0x0, 0x0, 0x5d, 0xff, 0xff, 0x45, 0x0, 0x0,
    0x0, 0x0, 0x86, 0xff, 0xff, 0x13, 0x0, 0x0,
    0x0, 0x0, 0xae, 0xff, 0xe0, 0x0, 0x0, 0x0,
    0x0, 0x0, 0xd6, 0xff, 0xad, 0x0, 0x0, 0x0,
    0x0, 0x0, 0x89, 0x90, 0x4b, 0x0, 0x0, 0x0,
    0x0, 0x10, 0x1c, 0x1c, 0xc, 0x0, 0x0, 0x0,
    0x0, 0xaf, 0xff, 0xff, 0x58, 0x0, 0x0, 0x0,
    0x0, 0xdc, 0xff, 0xff, 0x2b, 0x0, 0x0, 0x0,
    0xb, 0xfe, 0xff, 0xf9, 0x4, 0x0, 0x0, 0x0,

    /* U+0022 "\"" */
    0x4a, 0xff, 0xff, 0x7c, 0x83, 0xff, 0xff, 0x44,
    0x5e, 0xff, 0xff, 0x37, 0x98, 0xff, 0xf6, 0x7,
    0x72, 0xff, 0xee, 0x2, 0xad, 0xff, 0xb7, 0x0,
    0x86, 0xff, 0xab, 0x0, 0xc2, 0xff, 0x70, 0x0,
    0x9a, 0xff, 0x65, 0x0, 0xd8, 0xff, 0x2a, 0x0,
    0x91, 0xd8, 0x1f, 0x0, 0xc6, 0xc4, 0x0, 0x0,

    /* U+0023 "#" */
    0x0, 0x0, 0x0, 0x0, 0x0, 0x0, 0x8d, 0xff,
    0xff, 0x7a, 0x0, 0x1, 0xe3, 0xff, 0xfe, 0x20,
    0x0, 0x0, 0x0, 0x0, 0x0, 0x0, 0x0, 0x1,
    0xe3, 0xff, 0xff, 0x22, 0x0, 0x3e, 0xff, 0xff,
    0xc5, 0x0, 0x0, 0x0, 0x0, 0x0, 0x7c, 0xd8,
    0xd8, 0xdb, 0xff, 0xff, 0xfd, 0xd8, 0xd8, 0xe9,
    0xff, 0xff, 0xee, 0xd8, 0xd8, 0x61, 0x0, 0x0,
    0xbc, 0xff, 0xff, 0xff, 0xff, 0xff, 0xff, 0xff,
    0xff, 0xff, 0xff, 0xff, 0xff, 0xff, 0xff, 0x47,
    0x0, 0x0, 0xe9, 0xff, 0xff, 0xff, 0xff, 0xff,
    0xff, 0xff, 0xff, 0xff, 0xff, 0xff, 0xff, 0xff,
    0xff, 0x17, 0x0, 0x0, 0x0, 0x0, 0x23, 0xff,
    0xff, 0xe4, 0x0, 0x0, 0x83, 0xff, 0xff, 0x84,
    0x0, 0x0, 0x0, 0x0, 0x0, 0x0, 0x0, 0x0,
    0x6a, 0xff, 0xff, 0x9d, 0x0, 0x0, 0xc7, 0xff,
    0xff, 0x3f, 0x0, 0x0, 0x0, 0x0, 0x0, 0x0,
    0x0, 0x0, 0xb1, 0xff, 0xff, 0x57, 0x0, 0xe,
    0xfb, 0xff, 0xf4, 0x6, 0x0, 0x0, 0x0, 0x0,
    0x4b, 0xff, 0xff, 0xff, 0xff, 0xff, 0xff, 0xff,
    0xff, 0xff, 0xff, 0xff, 0xff, 0xff, 0xff, 0xbc,
    0x0, 0x0, 0x78, 0xff, 0xff, 0xff, 0xff, 0xff,
    0xff, 0xff, 0xff, 0xff, 0xff, 0xff, 0xff, 0xff,
    0xff, 0x8f, 0x0, 0x0, 0x88, 0xd8, 0xd8, 0xf5,
    0xff, 0xff, 0xe2, 0xd8, 0xdc, 0xff, 0xff, 0xfb,
    0xd8, 0xd8, 0xd8, 0x56, 0x0, 0x0, 0x0, 0x0,
    0x5, 0xec, 0xff, 0xfb, 0x15, 0x0, 0x52, 0xff,
    0xff, 0xb1, 0x0, 0x0, 0x0, 0x0, 0x0, 0x0,
    0x0, 0x0, 0x4b, 0xff, 0xff, 0xb8, 0x0, 0x0,
    0xab, 0xff, 0xff, 0x58, 0x0, 0x0, 0x0, 0x0,
    0x0, 0x0,

    /* U+0024 "$" */
    0x0, 0x0, 0x0, 0x0, 0x0, 0x0, 0x0, 0x0,
    0x0, 0x96, 0xff, 0xff, 0x72, 0x0, 0x0, 0x0,
    0x0, 0x0, 0x0, 0x0, 0x0, 0x0, 0x0, 0x0,
    0x0, 0x0, 0xc0, 0xff, 0xff, 0x47, 0x0, 0x0,
    0x0, 0x0, 0x0, 0x0, 0x0, 0x0, 0x0, 0x0,
    0x0, 0x0, 0x0, 0xeb, 0xff, 0xff, 0x1d, 0x0,
    0x0, 0x0, 0x0, 0x0, 0x0, 0x0, 0x0, 0xc,
    0xaf, 0xff, 0xff, 0xff, 0xff, 0xff, 0xff, 0xff,
    0xff, 0xff, 0xff, 0x41, 0x0, 0x0, 0x0, 0x21,
    0xd2, 0xff, 0xff, 0xff, 0xff, 0xff, 0xff, 0xff,
    0xff, 0xff, 0xff, 0xff, 0x14, 0x0, 0x0, 0x13,
    0xec, 0xff, 0xff, 0xff, 0xdc, 0xdc, 0xdc, 0xdc,
    0xdc, 0xdc, 0xdc, 0xdc, 0xc9, 0x0, 0x0, 0x0,
    0x45, 0xff, 0xff, 0xf5, 0x54, 0x0, 0x0, 0x0,
    0x0, 0x0, 0x0, 0x0, 0x0, 0x0, 0x0, 0x0,
    0x0, 0x72, 0xff, 0xff, 0xaf, 0x0, 0x0, 0x0,
    0x0, 0x0, 0x0, 0x0, 0x0, 0x0, 0x0, 0x0,
    0x0, 0x0, 0xa0, 0xff, 0xff, 0x81, 0x0, 0x0,
    0x0, 0x0, 0x0, 0x0, 0x0, 0x0, 0x0, 0x0,
    0x0, 0x0, 0x0, 0xcc, 0xff, 0xff, 0xa3, 0x0,
    0x0, 0x0, 0x0, 0x0, 0x0, 0x0, 0x0, 0x0,
    0x0, 0x0, 0x0, 0x0, 0x64, 0xff, 0xff, 0xff,
    0xc0, 0xb4, 0xb4, 0xb4, 0xb4, 0xb4, 0xb3, 0x27,
    0x0, 0x0, 0x0, 0x0, 0x0, 0x0, 0x8e, 0xff,
    0xff, 0xff, 0xff, 0xff, 0xff, 0xff, 0xff, 0xff,
    0xda, 0x11, 0x0, 0x0, 0x0, 0x0, 0x0, 0x2,
    0xb4, 0xff, 0xff, 0xff, 0xff, 0xff, 0xff, 0xff,
    0xff, 0xff, 0xbc, 0x4, 0x0, 0x0, 0x0, 0x0,
    0x0, 0x0, 0x0, 0x0, 0x0, 0x0, 0x0, 0x0,
    0x45, 0xfb, 0xff, 0xff, 0x67, 0x0, 0x0, 0x0,
    0x0, 0x0, 0x0, 0x0, 0x0, 0x0, 0x0, 0x0,
    0x0, 0x0, 0xdb, 0xff, 0xff, 0x4d, 0x0, 0x0,
    0x0, 0x0, 0x0, 0x0, 0x0, 0x0, 0x0, 0x0,
    0x0, 0x0, 0x9, 0xfd, 0xff, 0xff, 0x1f, 0x0,
    0x0, 0x0, 0x0, 0x0, 0x0, 0x0, 0x0, 0x0,
    0x0, 0x0, 0x0, 0x32, 0xff, 0xff, 0xf1, 0x0,
    0x0, 0x0, 0x0, 0x0, 0x0, 0x0, 0x0, 0x0,
    0x0, 0x0, 0x0, 0x10, 0xba, 0xff, 0xff, 0xc4,
    0x0, 0x0, 0x0, 0xa8, 0xd4, 0xd4, 0xd4, 0xd4,
    0xd4, 0xd4, 0xd4, 0xd4, 0xe9, 0xff, 0xff, 0xff,
    0x7d, 0x0, 0x0, 0x2, 0xf5, 0xff, 0xff, 0xff,
    0xff, 0xff, 0xff, 0xff, 0xff, 0xff, 0xff, 0xfd,
    0x74, 0x0, 0x0, 0x0, 0x28, 0xff, 0xff, 0xff,
    0xff, 0xff, 0xff, 0xff, 0xff, 0xff, 0xff, 0xf1,
    0x49, 0x0, 0x0, 0x0, 0x0, 0x0, 0x0, 0x0,
    0x0, 0x0, 0x52, 0xff, 0xff, 0xb1, 0x0, 0x0,
    0x0, 0x0, 0x0, 0x0, 0x0, 0x0, 0x0, 0x0,
    0x0, 0x0, 0x0, 0x85, 0xff, 0xff, 0x7e, 0x0,
    0x0, 0x0, 0x0, 0x0, 0x0, 0x0, 0x0, 0x0,
    0x0, 0x0, 0x0, 0x0, 0x55, 0x80, 0x80, 0x2c,
    0x0, 0x0, 0x0, 0x0, 0x0, 0x0, 0x0, 0x0,

    /* U+0025 "%" */
    0x0, 0x0, 0x0, 0x0, 0x0, 0x0, 0x0, 0x0,
    0x0, 0x0, 0x0, 0x0, 0x0, 0x0, 0x0, 0x0,
    0x0, 0x0, 0x0, 0x0, 0x4f, 0x54, 0x0, 0x0,
    0x0, 0x0, 0x0, 0x1b, 0xca, 0xff, 0xff, 0xff,
    0xff, 0x69, 0x0, 0x0, 0x0, 0x0, 0x0, 0x0,
    0x0, 0x0, 0x71, 0xfd, 0xf7, 0x38, 0x0, 0x0,
    0x0, 0x3b, 0xe7, 0xff, 0xff, 0xff, 0xff, 0xff,
    0xfb, 0x41, 0x0, 0x0, 0x0, 0x0, 0x0, 0x3,
    0x96, 0xff, 0xff, 0xe8, 0x36, 0x0, 0x0, 0x54,
    0xf9, 0xff, 0xff, 0xa9, 0x74, 0xcb, 0xff, 0xff,
    0xec, 0x1b, 0x0, 0x0, 0x0, 0xd, 0xb6, 0xff,
    0xff, 0xd4, 0x20, 0x0, 0x0, 0x0, 0xb6, 0xff,
    0xff, 0x7c, 0x0, 0x0, 0x13, 0xf9, 0xff, 0xff,
    0x24, 0x0, 0x0, 0x1d, 0xd1, 0xff, 0xff, 0xbb,
    0xf, 0x0, 0x0, 0x0, 0x0, 0xe7, 0xff, 0xff,
    0x29, 0x0, 0x0, 0x1d, 0xff, 0xff, 0xf2, 0x1,
    0x0, 0x32, 0xe6, 0xff, 0xff, 0x9a, 0x4, 0x0,
    0x0, 0x0, 0x0, 0xd, 0xfd, 0xff, 0xff, 0x94,
    0x0, 0x20, 0xcb, 0xff, 0xff, 0xbf, 0x0, 0x4e,
    0xf4, 0xff, 0xfe, 0x76, 0x0, 0x0, 0x0, 0x0,
    0x0, 0x0, 0x0, 0x76, 0xff, 0xff, 0xff, 0xff,
    0xff, 0xff, 0xff, 0xc5, 0x18, 0x70, 0xfd, 0xff,
    0xf6, 0x52, 0x0, 0x0, 0x0, 0x0, 0x0, 0x0,
    0x0, 0x0, 0x0, 0xa3, 0xff, 0xff, 0xff, 0xff,
    0xff, 0x99, 0x9, 0x95, 0xff, 0xff, 0xe8, 0x35,
    0x0, 0x0, 0x0, 0x0, 0x0, 0x0, 0x0, 0x0,
    0x0, 0x0, 0x8, 0x74, 0x78, 0x78, 0x78, 0x55,
    0xd, 0xb6, 0xff, 0xff, 0xd4, 0x1f, 0x0, 0x0,
    0x0, 0x0, 0x0, 0x0, 0x0, 0x0, 0x0, 0x0,
    0x0, 0x0, 0x0, 0x0, 0x0, 0x0, 0x1c, 0xd1,
    0xff, 0xff, 0xb9, 0x35, 0xde, 0xff, 0xff, 0xff,
    0xfb, 0x42, 0x0, 0x0, 0x0, 0x0, 0x0, 0x0,
    0x0, 0x0, 0x0, 0x0, 0x32, 0xe5, 0xff, 0xff,
    0x98, 0x3f, 0xec, 0xff, 0xff, 0xff, 0xff, 0xff,
    0xeb, 0x1f, 0x0, 0x0, 0x0, 0x0, 0x0, 0x0,
    0x0, 0x0, 0x4e, 0xf4, 0xff, 0xfd, 0x74, 0x51,
    0xf7, 0xff, 0xff, 0x99, 0x74, 0xe8, 0xff, 0xff,
    0xce, 0x6, 0x0, 0x0, 0x0, 0x0, 0x0, 0x0,
    0x6f, 0xfd, 0xff, 0xf5, 0x51, 0x0, 0xd4, 0xff,
    0xff, 0x6c, 0x0, 0x0, 0x46, 0xff, 0xff, 0xfa,
    0x6, 0x0, 0x0, 0x0, 0x0, 0x3, 0x94, 0xff,
    0xff, 0xe7, 0x34, 0x0, 0x5, 0xfa, 0xff, 0xfe,
    0xb, 0x0, 0x0, 0x3a, 0xff, 0xff, 0xd3, 0x0,
    0x0, 0x0, 0x0, 0xc, 0xb5, 0xff, 0xff, 0xd2,
    0x1e, 0x0, 0x0, 0x2d, 0xff, 0xff, 0xf8, 0x1d,
    0x0, 0x1, 0x9a, 0xff, 0xff, 0xa5, 0x0, 0x0,
    0x0, 0x1c, 0xd0, 0xff, 0xff, 0xb8, 0xe, 0x0,
    0x0, 0x0, 0x1b, 0xeb, 0xff, 0xff, 0xcf, 0x74,
    0xb1, 0xff, 0xff, 0xe9, 0x33, 0x0, 0x0, 0x31,
    0xe5, 0xff, 0xff, 0x97, 0x3, 0x0, 0x0, 0x0,
    0x0, 0x0, 0x42, 0xfb, 0xff, 0xff, 0xff, 0xff,
    0xff, 0xd9, 0x22, 0x0, 0x0, 0x0, 0x3c, 0xf8,
    0xfd, 0x72, 0x0, 0x0, 0x0, 0x0, 0x0, 0x0,
    0x0, 0x0, 0x6f, 0xff, 0xff, 0xff, 0xff, 0xc6,
    0x13, 0x0, 0x0, 0x0, 0x0, 0x0, 0x56, 0x4f,
    0x0, 0x0, 0x0, 0x0, 0x0, 0x0, 0x0, 0x0,
    0x0, 0x0, 0x0, 0x0, 0x0, 0x0, 0x0, 0x0,
    0x0, 0x0, 0x0, 0x0,

    /* U+0026 "&" */
    0x0, 0x0, 0x0, 0x0, 0x0, 0x12, 0xbf, 0xff,
    0xff, 0xff, 0xff, 0xfe, 0x56, 0x0, 0x0, 0x0,
    0x0, 0x0, 0x0, 0x0, 0x0, 0x0, 0x29, 0xdc,
    0xff, 0xff, 0xff, 0xff, 0xff, 0xff, 0xf6, 0x34,
    0x0, 0x0, 0x0, 0x0, 0x0, 0x0, 0x0, 0x16,
    0xf1, 0xff, 0xff, 0xd6, 0x74, 0x74, 0x9f, 0xff,
    0xff, 0xe5, 0x1a, 0x0, 0x0, 0x0, 0x0, 0x0,
    0x0, 0x49, 0xff, 0xff, 0xd0, 0xd, 0x0, 0x0,
    0x0, 0xc2, 0xff, 0xff, 0x62, 0x0, 0x0, 0x0,
    0x0, 0x0, 0x0, 0x77, 0xff, 0xff, 0x91, 0x0,
    0x0, 0x0, 0x0, 0xce, 0xff, 0xff, 0x34, 0x0,
    0x0, 0x0, 0x0, 0x0, 0x0, 0x73, 0xff, 0xff,
    0xe5, 0x1b, 0x0, 0x3, 0x91, 0xff, 0xff, 0xfc,
    0x9, 0x0, 0x0, 0x0, 0x0, 0x0, 0x0, 0x1,
    0xa9, 0xff, 0xff, 0xce, 0x2f, 0xba, 0xff, 0xff,
    0xfa, 0x68, 0x0, 0x0, 0x0, 0x0, 0x0, 0x0,
    0x0, 0x0, 0x8, 0xc5, 0xff, 0xff, 0xff, 0xff,
    0xff, 0xec, 0x40, 0x0, 0x0, 0x0, 0x0, 0x0,
    0x0, 0x0, 0x0, 0x0, 0x4b, 0xd8, 0xff, 0xff,
    0xff, 0xff, 0xaa, 0x1f, 0x0, 0x0, 0x0, 0x0,
    0x0, 0x0, 0x0, 0x0, 0x2, 0x86, 0xff, 0xff,
    0xff, 0xff, 0xff, 0xff, 0x80, 0x0, 0x0, 0x0,
    0x0, 0x0, 0x0, 0x0, 0x0, 0xe, 0xb4, 0xff,
    0xff, 0xfc, 0x81, 0x46, 0xf6, 0xff, 0xff, 0x5e,
    0x0, 0x0, 0x1e, 0xcb, 0x32, 0x0, 0x0, 0xc3,
    0xff, 0xff, 0xef, 0x45, 0x0, 0x0, 0x52, 0xfd,
    0xff, 0xfa, 0x41, 0x2f, 0xe6, 0xff, 0xe5, 0x1c,
    0x7, 0xfb, 0xff, 0xfc, 0x26, 0x0, 0x0, 0x0,
    0x0, 0x70, 0xff, 0xff, 0xf0, 0xf1, 0xff, 0xff,
    0xd1, 0x1c, 0x31, 0xff, 0xff, 0xd6, 0x0, 0x0,
    0x0, 0x0, 0x0, 0x0, 0x90, 0xff, 0xff, 0xff,
    0xff, 0xba, 0xe, 0x0, 0x5f, 0xff, 0xff, 0xc8,
    0x1, 0x0, 0x0, 0x0, 0x0, 0x0, 0x79, 0xff,
    0xff, 0xff, 0xf3, 0x13, 0x0, 0x0, 0x18, 0xe3,
    0xff, 0xff, 0xa0, 0x74, 0x74, 0x74, 0x74, 0xa1,
    0xff, 0xff, 0xff, 0xff, 0xff, 0xba, 0x4, 0x0,
    0x0, 0x32, 0xf5, 0xff, 0xff, 0xff, 0xff, 0xff,
    0xff, 0xff, 0xff, 0xfe, 0x83, 0xe4, 0xff, 0xff,
    0x55, 0x0, 0x0, 0x0, 0x54, 0xfe, 0xff, 0xff,
    0xff, 0xff, 0xff, 0xff, 0xfb, 0x5d, 0x0, 0x2f,
    0xec, 0x63, 0x0, 0x0, 0x0, 0x0, 0x0, 0x0,
    0x0, 0x0, 0x0, 0x0, 0x0, 0x0, 0x0, 0x0,
    0x0, 0x0, 0xc, 0x0, 0x0, 0x0,

    /* U+0027 "'" */
    0x4a, 0xff, 0xff, 0x7c, 0x5e, 0xff, 0xff, 0x37,
    0x72, 0xff, 0xee, 0x2, 0x86, 0xff, 0xab, 0x0,
    0x9a, 0xff, 0x65, 0x0, 0x91, 0xd8, 0x1f, 0x0,

    /* U+0028 "(" */
    0x0, 0x0, 0x0, 0x0, 0x0, 0x0, 0x0, 0x26,
    0x78, 0x78, 0x78, 0xf, 0x0, 0x0, 0x0, 0x0,
    0x0, 0x0, 0x42, 0xee, 0xff, 0xff, 0xfb, 0x6,
    0x0, 0x0, 0x0, 0x0, 0x0, 0x63, 0xfa, 0xff,
    0xff, 0xff, 0xd5, 0x0, 0x0, 0x0, 0x0, 0x1,
    0x8a, 0xff, 0xff, 0xff, 0xdd, 0x29, 0x0, 0x0,
    0x0, 0x0, 0x0, 0x26, 0xff, 0xff, 0xff, 0xc2,
    0x14, 0x0, 0x0, 0x0, 0x0, 0x0, 0x0, 0x53,
    0xff, 0xff, 0xc6, 0x6, 0x0, 0x0, 0x0, 0x0,
    0x0, 0x0, 0x0, 0x80, 0xff, 0xff, 0x84, 0x0,
    0x0, 0x0, 0x0, 0x0, 0x0, 0x0, 0x0, 0xad,
    0xff, 0xff, 0x57, 0x0, 0x0, 0x0, 0x0, 0x0,
    0x0, 0x0, 0x0, 0xdb, 0xff, 0xff, 0x2a, 0x0,
    0x0, 0x0, 0x0, 0x0, 0x0, 0x0, 0xa, 0xfd,
    0xff, 0xf9, 0x4, 0x0, 0x0, 0x0, 0x0, 0x0,
    0x0, 0x0, 0x35, 0xff, 0xff, 0xd0, 0x0, 0x0,
    0x0, 0x0, 0x0, 0x0, 0x0, 0x0, 0x62, 0xff,
    0xff, 0xa3, 0x0, 0x0, 0x0, 0x0, 0x0, 0x0,
    0x0, 0x0, 0x8f, 0xff, 0xff, 0x76, 0x0, 0x0,
    0x0, 0x0, 0x0, 0x0, 0x0, 0x0, 0xbc, 0xff,
    0xff, 0x48, 0x0, 0x0, 0x0, 0x0, 0x0, 0x0,
    0x0, 0x0, 0xe9, 0xff, 0xff, 0x1b, 0x0, 0x0,
    0x0, 0x0, 0x0, 0x0, 0x0, 0x16, 0xff, 0xff,
    0xee, 0x0, 0x0, 0x0, 0x0, 0x0, 0x0, 0x0,
    0x0, 0x43, 0xff, 0xff, 0xc1, 0x0, 0x0, 0x0,
    0x0, 0x0, 0x0, 0x0, 0x0, 0x71, 0xff, 0xff,
    0x94, 0x0, 0x0, 0x0, 0x0, 0x0, 0x0, 0x0,
    0x0, 0x9e, 0xff, 0xff, 0x67, 0x0, 0x0, 0x0,
    0x0, 0x0, 0x0, 0x0, 0x0, 0xcb, 0xff, 0xff,
    0x3a, 0x0, 0x0, 0x0, 0x0, 0x0, 0x0, 0x0,
    0x2, 0xf5, 0xff, 0xff, 0xe, 0x0, 0x0, 0x0,
    0x0, 0x0, 0x0, 0x0, 0x24, 0xff, 0xff, 0xfe,
    0x4d, 0x0, 0x0, 0x0, 0x0, 0x0, 0x0, 0x0,
    0x3, 0xba, 0xff, 0xff, 0xf2, 0x2a, 0x0, 0x0,
    0x0, 0x0, 0x0, 0x0, 0x0, 0x10, 0xd9, 0xff,
    0xff, 0xdc, 0x74, 0x6, 0x0, 0x0, 0x0, 0x0,
    0x0, 0x0, 0x26, 0xef, 0xff, 0xff, 0xed, 0x0,
    0x0, 0x0, 0x0, 0x0, 0x0, 0x0, 0x0, 0x45,
    0xfc, 0xff, 0xc2, 0x0, 0x0, 0x0, 0x0, 0x0,

    /* U+0029 ")" */
    0x0, 0x0, 0x0, 0x0, 0x28, 0x78, 0x78, 0x31,
    0x0, 0x0, 0x0, 0x0, 0x0, 0x0, 0x0, 0x77,
    0xff, 0xff, 0xe7, 0x1c, 0x0, 0x0, 0x0, 0x0,
    0x0, 0x0, 0xa2, 0xff, 0xff, 0xff, 0xcc, 0x9,
    0x0, 0x0, 0x0, 0x0, 0x0, 0x0, 0x37, 0xf8,
    0xff, 0xff, 0xa9, 0x0, 0x0, 0x0, 0x0, 0x0,
    0x0, 0x0, 0x5e, 0xff, 0xff, 0xff, 0x6b, 0x0,
    0x0, 0x0, 0x0, 0x0, 0x0, 0x0, 0xb1, 0xff,
    0xff, 0x70, 0x0, 0x0, 0x0, 0x0, 0x0, 0x0,
    0x0, 0xc2, 0xff, 0xff, 0x42, 0x0, 0x0, 0x0,
    0x0, 0x0, 0x0, 0x0, 0xef, 0xff, 0xff, 0x15,
    0x0, 0x0, 0x0, 0x0, 0x0, 0x0, 0x1d, 0xff,
    0xff, 0xe8, 0x0, 0x0, 0x0, 0x0, 0x0, 0x0,
    0x0, 0x4a, 0xff, 0xff, 0xbb, 0x0, 0x0, 0x0,
    0x0, 0x0, 0x0, 0x0, 0x77, 0xff, 0xff, 0x8e,
    0x0, 0x0, 0x0, 0x0, 0x0, 0x0, 0x0, 0xa4,
    0xff, 0xff, 0x61, 0x0, 0x0, 0x0, 0x0, 0x0,
    0x0, 0x0, 0xd1, 0xff, 0xff, 0x34, 0x0, 0x0,
    0x0, 0x0, 0x0, 0x0, 0x4, 0xf9, 0xff, 0xfd,
    0xa, 0x0, 0x0, 0x0, 0x0, 0x0, 0x0, 0x2b,
    0xff, 0xff, 0xda, 0x0, 0x0, 0x0, 0x0, 0x0,
    0x0, 0x0, 0x58, 0xff, 0xff, 0xac, 0x0, 0x0,
    0x0, 0x0, 0x0, 0x0, 0x0, 0x85, 0xff, 0xff,
    0x7f, 0x0, 0x0, 0x0, 0x0, 0x0, 0x0, 0x0,
    0xb2, 0xff, 0xff, 0x52, 0x0, 0x0, 0x0, 0x0,
    0x0, 0x0, 0x0, 0xdf, 0xff, 0xff, 0x25, 0x0,
    0x0, 0x0, 0x0, 0x0, 0x0, 0xd, 0xfe, 0xff,
    0xf6, 0x2, 0x0, 0x0, 0x0, 0x0, 0x0, 0x0,
    0x39, 0xff, 0xff, 0xcb, 0x0, 0x0, 0x0, 0x0,
    0x0, 0x0, 0x11, 0xbe, 0xff, 0xff, 0x9e, 0x0,
    0x0, 0x0, 0x0, 0x0, 0x26, 0xda, 0xff, 0xff,
    0xff, 0x5f, 0x0, 0x0, 0x0, 0x30, 0x7a, 0xee,
    0xff, 0xff, 0xfb, 0x67, 0x0, 0x0, 0x0, 0x0,
    0x8a, 0xff, 0xff, 0xff, 0xef, 0x43, 0x0, 0x0,
    0x0, 0x0, 0x0, 0xb6, 0xff, 0xff, 0xdc, 0x27,
    0x0, 0x0, 0x0, 0x0, 0x0, 0x0,

    /* U+002A "*" */
    0x0, 0x0, 0x0, 0x0, 0x50, 0xff, 0xfe, 0x14,
    0x0, 0x0, 0x0, 0x1, 0x7, 0x0, 0x6f, 0xff,
    0xd3, 0x0, 0x14, 0x14, 0x0, 0x5a, 0xeb, 0x8a,
    0xa8, 0xff, 0xc6, 0xad, 0xfa, 0x5d, 0x4, 0xdc,
    0xff, 0xff, 0xff, 0xff, 0xff, 0xff, 0xff, 0x80,
    0x0, 0x22, 0x6d, 0xed, 0xff, 0xff, 0xef, 0x8e,
    0x50, 0x11, 0x0, 0x0, 0x8b, 0xff, 0xff, 0xfe,
    0xfc, 0x39, 0x0, 0x0, 0x0, 0x7f, 0xff, 0xff,
    0x81, 0xbd, 0xff, 0xd9, 0x4, 0x0, 0x0, 0x11,
    0xbe, 0xa5, 0x0, 0x5b, 0xd4, 0x3a, 0x0, 0x0,
    0x0, 0x0, 0x5, 0x6, 0x0, 0x6, 0x5, 0x0,
    0x0, 0x0,

    /* U+002B "+" */
    0x0, 0x0, 0x0, 0x0, 0x0, 0x0, 0x65, 0x80,
    0x56, 0x0, 0x0, 0x0, 0x0, 0x0, 0x0, 0x0,
    0x0, 0x0, 0x0, 0xeb, 0xff, 0x8c, 0x0, 0x0,
    0x0, 0x0, 0x0, 0x0, 0x0, 0x0, 0x0, 0x16,
    0xff, 0xff, 0x61, 0x0, 0x0, 0x0, 0x0, 0x0,
    0x0, 0x0, 0x0, 0x0, 0x41, 0xff, 0xff, 0x36,
    0x0, 0x0, 0x0, 0x0, 0x0, 0x0, 0x0, 0x0,
    0x0, 0x6c, 0xff, 0xfe, 0xd, 0x0, 0x0, 0x0,
    0x0, 0x35, 0x78, 0x78, 0x78, 0x78, 0xc2, 0xff,
    0xf4, 0x78, 0x78, 0x78, 0x78, 0x4e, 0x94, 0xff,
    0xff, 0xff, 0xff, 0xff, 0xff, 0xff, 0xff, 0xff,
    0xff, 0xff, 0x85, 0xc1, 0xff, 0xff, 0xff, 0xff,
    0xff, 0xff, 0xff, 0xff, 0xff, 0xff, 0xff, 0x57,
    0x0, 0x0, 0x0, 0x0, 0x1e, 0xff, 0xff, 0x5d,
    0x0, 0x0, 0x0, 0x0, 0x0, 0x0, 0x0, 0x0,
    0x0, 0x49, 0xff, 0xff, 0x31, 0x0, 0x0, 0x0,
    0x0, 0x0, 0x0, 0x0, 0x0, 0x0, 0x74, 0xff,
    0xfc, 0x8, 0x0, 0x0, 0x0, 0x0, 0x0, 0x0,
    0x0, 0x0, 0x0, 0x9f, 0xff, 0xd9, 0x0, 0x0,
    0x0, 0x0, 0x0, 0x0, 0x0, 0x0, 0x0, 0x0,
    0xca, 0xff, 0xad, 0x0, 0x0, 0x0, 0x0, 0x0,
    0x0,

    /* U+002C "," */
    0x0, 0x0, 0xdf, 0xff, 0xea, 0xe, 0x0, 0x37,
    0xff, 0xff, 0x6a, 0x0, 0x0, 0x8f, 0xff, 0xd8,
    0x4, 0x0, 0x1, 0xe4, 0xff, 0x4e, 0x0, 0x0,
    0x3d, 0xff, 0xc0, 0x0, 0x0, 0x0, 0x94, 0xfe,
    0x33, 0x0, 0x0, 0x0,

    /* U+002D "-" */
    0x0, 0x5f, 0x78, 0x78, 0x78, 0x78, 0x78, 0x78,
    0x78, 0x36, 0x0, 0xed, 0xff, 0xff, 0xff, 0xff,
    0xff, 0xff, 0xff, 0x51, 0x1d, 0xff, 0xff, 0xff,
    0xff, 0xff, 0xff, 0xff, 0xff, 0x23,

    /* U+002E "." */
    0x0, 0x13, 0x1c, 0x1c, 0x8, 0x0, 0xcf, 0xff,
    0xff, 0x38, 0x3, 0xf8, 0xff, 0xfe, 0xc, 0x29,
    0xff, 0xff, 0xde, 0x0,

    /* U+002F "/" */
    0x0, 0x0, 0x0, 0x0, 0x0, 0x0, 0x0, 0x0,
    0x0, 0x0, 0x1, 0xcc, 0xff, 0xff, 0x59, 0x0,
    0x0, 0x0, 0x0, 0x0, 0x0, 0x0, 0x0, 0x0,
    0x0, 0x59, 0xff, 0xff, 0xcc, 0x1, 0x0, 0x0,
    0x0, 0x0, 0x0, 0x0, 0x0, 0x0, 0x0, 0x6,
    0xde, 0xff, 0xff, 0x42, 0x0, 0x0, 0x0, 0x0,
    0x0, 0x0, 0x0, 0x0, 0x0, 0x0, 0x70, 0xff,
    0xff, 0xb7, 0x0, 0x0, 0x0, 0x0, 0x0, 0x0,
    0x0, 0x0, 0x0, 0x0, 0xf, 0xec, 0xff, 0xfd,
    0x2e, 0x0, 0x0, 0x0, 0x0, 0x0, 0x0, 0x0,
    0x0, 0x0, 0x0, 0x87, 0xff, 0xff, 0x9f, 0x0,
    0x0, 0x0, 0x0, 0x0, 0x0, 0x0, 0x0, 0x0,
    0x0, 0x1b, 0xf6, 0xff, 0xf7, 0x1d, 0x0, 0x0,
    0x0, 0x0, 0x0, 0x0, 0x0, 0x0, 0x0, 0x0,
    0x9e, 0xff, 0xff, 0x88, 0x0, 0x0, 0x0, 0x0,
    0x0, 0x0, 0x0, 0x0, 0x0, 0x0, 0x2c, 0xfd,
    0xff, 0xed, 0x10, 0x0, 0x0, 0x0, 0x0, 0x0,
    0x0, 0x0, 0x0, 0x0, 0x0, 0xb5, 0xff, 0xff,
    0x71, 0x0, 0x0, 0x0, 0x0, 0x0, 0x0, 0x0,
    0x0, 0x0, 0x0, 0x40, 0xff, 0xff, 0xdf, 0x6,
    0x0, 0x0, 0x0, 0x0, 0x0, 0x0, 0x0, 0x0,
    0x0, 0x1, 0xca, 0xff, 0xff, 0x5a, 0x0, 0x0,
    0x0, 0x0, 0x0, 0x0, 0x0, 0x0, 0x0, 0x0,
    0x57, 0xff, 0xff, 0xcc, 0x1, 0x0, 0x0, 0x0,
    0x0, 0x0, 0x0, 0x0, 0x0, 0x0, 0x5, 0xdc,
    0xff, 0xff, 0x42, 0x0, 0x0, 0x0, 0x0, 0x0,
    0x0, 0x0, 0x0, 0x0, 0x0, 0x6e, 0xff, 0xff,
    0xb7, 0x0, 0x0, 0x0, 0x0, 0x0, 0x0, 0x0,
    0x0, 0x0, 0x0, 0xe, 0xeb, 0xff, 0xfd, 0x2e,
    0x0, 0x0, 0x0, 0x0, 0x0, 0x0, 0x0, 0x0,
    0x0, 0x0, 0x85, 0xff, 0xff, 0xa0, 0x0, 0x0,
    0x0, 0x0, 0x0, 0x0, 0x0, 0x0, 0x0, 0x0,
    0x1a, 0xf5, 0xff, 0xf7, 0x1d, 0x0, 0x0, 0x0,
    0x0, 0x0, 0x0, 0x0, 0x0, 0x0, 0x0, 0x9c,
    0xff, 0xff, 0x88, 0x0, 0x0, 0x0, 0x0, 0x0,
    0x0, 0x0, 0x0, 0x0, 0x0, 0x2a, 0xfc, 0xff,
    0xed, 0x10, 0x0, 0x0, 0x0, 0x0, 0x0, 0x0,
    0x0, 0x0, 0x0, 0x0, 0xb2, 0xff, 0xff, 0x71,
    0x0, 0x0, 0x0, 0x0, 0x0, 0x0, 0x0, 0x0,
    0x0, 0x0, 0x0,

    /* U+0030 "0" */
    0x0, 0x0, 0x0, 0x0, 0x74, 0xfd, 0xff, 0xff,
    0xff, 0xff, 0xff, 0xff, 0xff, 0xcc, 0x9, 0x0,
    0x0, 0x0, 0x6, 0xa0, 0xff, 0xff, 0xff, 0xff,
    0xff, 0xff, 0xff, 0xff, 0xff, 0xff, 0xaa, 0x1,
    0x0, 0x0, 0xa3, 0xff, 0xff, 0xff, 0xd2, 0xbc,
    0xbc, 0xbc, 0xbc, 0xc0, 0xff, 0xff, 0xff, 0x80,
    0x0, 0x0, 0xe2, 0xff, 0xff, 0x93, 0x3, 0x0,
    0x0, 0x0, 0x0, 0x0, 0x8d, 0xff, 0xff, 0xeb,
    0x0, 0x10, 0xff, 0xff, 0xff, 0x13, 0x0, 0x0,
    0x0, 0x0, 0x0, 0x0, 0x69, 0xff, 0xff, 0xbe,
    0x0, 0x3f, 0xff, 0xff, 0xe5, 0x0, 0x0, 0x0,
    0x0, 0x0, 0x0, 0x0, 0x97, 0xff, 0xff, 0x8f,
    0x0, 0x6d, 0xff, 0xff, 0xb7, 0x0, 0x0, 0x0,
    0x0, 0x0, 0x0, 0x0, 0xc5, 0xff, 0xff, 0x61,
    0x0, 0x9c, 0xff, 0xff, 0x89, 0x0, 0x0, 0x0,
    0x0, 0x0, 0x0, 0x1, 0xf1, 0xff, 0xff, 0x32,
    0x0, 0xca, 0xff, 0xff, 0x5a, 0x0, 0x0, 0x0,
    0x0, 0x0, 0x0, 0x21, 0xff, 0xff, 0xfc, 0x8,
    0x2, 0xf6, 0xff, 0xff, 0x2c, 0x0, 0x0, 0x0,
    0x0, 0x0, 0x0, 0x50, 0xff, 0xff, 0xd5, 0x0,
    0x27, 0xff, 0xff, 0xf9, 0x5, 0x0, 0x0, 0x0,
    0x0, 0x0, 0x0, 0x7e, 0xff, 0xff, 0xa7, 0x0,
    0x56, 0xff, 0xff, 0xd0, 0x0, 0x0, 0x0, 0x0,
    0x0, 0x0, 0x0, 0xac, 0xff, 0xff, 0x78, 0x0,
    0x84, 0xff, 0xff, 0xa2, 0x0, 0x0, 0x0, 0x0,
    0x0, 0x0, 0x0, 0xda, 0xff, 0xff, 0x4a, 0x0,
    0xb3, 0xff, 0xff, 0x74, 0x0, 0x0, 0x0, 0x0,
    0x0, 0x0, 0xa, 0xfd, 0xff, 0xff, 0x1b, 0x0,
    0xe0, 0xff, 0xff, 0x98, 0x0, 0x0, 0x0, 0x0,
    0x0, 0x1, 0x88, 0xff, 0xff, 0xed, 0x0, 0x0,
    0x76, 0xff, 0xff, 0xff, 0xc3, 0xbc, 0xbc, 0xbc,
    0xbc, 0xcf, 0xff, 0xff, 0xff, 0xaf, 0x0, 0x0,
    0x0, 0xa0, 0xff, 0xff, 0xff, 0xff, 0xff, 0xff,
    0xff, 0xff, 0xff, 0xff, 0xab, 0xa, 0x0, 0x0,
    0x0, 0x6, 0xc4, 0xff, 0xff, 0xff, 0xff, 0xff,
    0xff, 0xff, 0xff, 0x82, 0x1, 0x0, 0x0, 0x0,

    /* U+0031 "1" */
    0x0, 0x0, 0x0, 0x5, 0xf9, 0xff, 0xff, 0xff,
    0xff, 0x3c, 0x0, 0x0, 0x0, 0x2c, 0xff, 0xff,
    0xff, 0xff, 0xff, 0xf, 0x0, 0x0, 0x0, 0x46,
    0xd4, 0xe1, 0xff, 0xff, 0xe0, 0x0, 0x0, 0x0,
    0x0, 0x0, 0x0, 0x6c, 0xff, 0xff, 0xb2, 0x0,
    0x0, 0x0, 0x0, 0x0, 0x0, 0x9a, 0xff, 0xff,
    0x84, 0x0, 0x0, 0x0, 0x0, 0x0, 0x0, 0xc9,
    0xff, 0xff, 0x56, 0x0, 0x0, 0x0, 0x0, 0x0,
    0x2, 0xf5, 0xff, 0xff, 0x28, 0x0, 0x0, 0x0,
    0x0, 0x0, 0x26, 0xff, 0xff, 0xf6, 0x3, 0x0,
    0x0, 0x0, 0x0, 0x0, 0x55, 0xff, 0xff, 0xcb,
    0x0, 0x0, 0x0, 0x0, 0x0, 0x0, 0x84, 0xff,
    0xff, 0x9d, 0x0, 0x0, 0x0, 0x0, 0x0, 0x0,
    0xb2, 0xff, 0xff, 0x6f, 0x0, 0x0, 0x0, 0x0,
    0x0, 0x0, 0xe1, 0xff, 0xff, 0x41, 0x0, 0x0,
    0x0, 0x0, 0x0, 0x10, 0xff, 0xff, 0xff, 0x13,
    0x0, 0x0, 0x0, 0x0, 0x0, 0x3e, 0xff, 0xff,
    0xe5, 0x0, 0x0, 0x0, 0x0, 0x0, 0x0, 0x6d,
    0xff, 0xff, 0xb6, 0x0, 0x0, 0x0, 0xf, 0xd4,
    0xd4, 0xeb, 0xff, 0xff, 0xee, 0xd4, 0xca, 0x0,
    0x3c, 0xff, 0xff, 0xff, 0xff, 0xff, 0xff, 0xff,
    0xcb, 0x0, 0x69, 0xff, 0xff, 0xff, 0xff, 0xff,
    0xff, 0xff, 0x9e, 0x0,

    /* U+0032 "2" */
    0x0, 0x0, 0x0, 0x0, 0xf, 0xbb, 0xff, 0xff,
    0xff, 0xff, 0xff, 0xff, 0xff, 0xc2, 0x5, 0x0,
    0x0, 0x0, 0x0, 0x22, 0xd6, 0xff, 0xff, 0xff,
    0xff, 0xff, 0xff, 0xff, 0xff, 0xff, 0x9b, 0x0,
    0x0, 0x0, 0x0, 0x9c, 0xff, 0xff, 0xfc, 0xbe,
    0xbc, 0xbc, 0xbc, 0xc3, 0xff, 0xff, 0xff, 0x6e,
    0x0, 0x0, 0x0, 0xb, 0xd0, 0xee, 0x46, 0x0,
    0x0, 0x0, 0x0, 0x0, 0x9d, 0xff, 0xff, 0xd7,
    0x0, 0x0, 0x0, 0x0, 0x1e, 0x23, 0x0, 0x0,
    0x0, 0x0, 0x0, 0x0, 0x77, 0xff, 0xff, 0xaa,
    0x0, 0x0, 0x0, 0x0, 0x0, 0x0, 0x0, 0x0,
    0x0, 0x0, 0x0, 0x0, 0xa2, 0xff, 0xff, 0x7c,
    0x0, 0x0, 0x0, 0x0, 0x0, 0x0, 0x0, 0x0,
    0x0, 0x0, 0x0, 0x68, 0xf8, 0xff, 0xff, 0x4d,
    0x0, 0x0, 0x0, 0x0, 0x0, 0x0, 0x0, 0x0,
    0x0, 0xc, 0xa6, 0xff, 0xff, 0xff, 0xbb, 0xe,
    0x0, 0x0, 0x0, 0x0, 0x0, 0x0, 0x0, 0x0,
    0x2c, 0xd8, 0xff, 0xff, 0xfd, 0x81, 0x2, 0x0,
    0x0, 0x0, 0x0, 0x0, 0x0, 0x0, 0x0, 0x61,
    0xf6, 0xff, 0xff, 0xea, 0x45, 0x0, 0x0, 0x0,
    0x0, 0x0, 0x0, 0x0, 0x0, 0xa, 0x9f, 0xff,
    0xff, 0xff, 0xc3, 0x1b, 0x0, 0x0, 0x0, 0x0,
    0x0, 0x0, 0x0, 0x0, 0x27, 0xd3, 0xff, 0xff,
    0xfe, 0x8b, 0x4, 0x0, 0x0, 0x0, 0x0, 0x0,
    0x0, 0x0, 0x0, 0x59, 0xf3, 0xff, 0xff, 0xee,
    0x4e, 0x0, 0x0, 0x0, 0x0, 0x0, 0x0, 0x0,
    0x0, 0x7, 0x98, 0xff, 0xff, 0xff, 0xcb, 0x20,
    0x0, 0x0, 0x0, 0x0, 0x0, 0x0, 0x0, 0x0,
    0x0, 0xa6, 0xff, 0xff, 0xff, 0x94, 0x6, 0x0,
    0x0, 0x0, 0x0, 0x0, 0x0, 0x0, 0x0, 0x0,
    0x0, 0xe1, 0xff, 0xff, 0xf8, 0xd4, 0xd4, 0xd4,
    0xd4, 0xd4, 0xd4, 0xd4, 0xd4, 0xb0, 0x0, 0x0,
    0xf, 0xff, 0xff, 0xff, 0xff, 0xff, 0xff, 0xff,
    0xff, 0xff, 0xff, 0xff, 0xff, 0xab, 0x0, 0x0,
    0x3d, 0xff, 0xff, 0xff, 0xff, 0xff, 0xff, 0xff,
    0xff, 0xff, 0xff, 0xff, 0xff, 0x7e, 0x0, 0x0,

    /* U+0033 "3" */
    0x0, 0x0, 0x0, 0x0, 0x23, 0xd6, 0xff, 0xff,
    0xff, 0xff, 0xff, 0xff, 0xff, 0xe6, 0x1c, 0x0,
    0x0, 0x0, 0x0, 0x0, 0x3f, 0xec, 0xff, 0xff,
    0xff, 0xff, 0xff, 0xff, 0xff, 0xff, 0xff, 0xce,
    0xa, 0x0, 0x0, 0x0, 0x0, 0xc2, 0xff, 0xff,
    0xf2, 0xbc, 0xbc, 0xbc, 0xbc, 0xbc, 0xf5, 0xff,
    0xff, 0xad, 0x1, 0x0, 0x0, 0x0, 0x16, 0xde,
    0xd5, 0x27, 0x0, 0x0, 0x0, 0x0, 0x0, 0x53,
    0xff, 0xff, 0xff, 0x17, 0x0, 0x0, 0x0, 0x0,
    0x21, 0xc, 0x0, 0x0, 0x0, 0x0, 0x0, 0x0,
    0x39, 0xff, 0xff, 0xe9, 0x0, 0x0, 0x0, 0x0,
    0x0, 0x0, 0x0, 0x0, 0x0, 0x0, 0x0, 0x0,
    0x0, 0x68, 0xff, 0xff, 0xba, 0x0, 0x0, 0x0,
    0x0, 0x0, 0x0, 0x0, 0x0, 0x0, 0x0, 0x0,
    0x0, 0x3e, 0xe7, 0xff, 0xff, 0x8c, 0x0, 0x0,
    0x0, 0x0, 0x0, 0x0, 0x4a, 0xff, 0xff, 0xff,
    0xff, 0xff, 0xff, 0xff, 0xff, 0xf5, 0x3e, 0x0,
    0x0, 0x0, 0x0, 0x0, 0x0, 0x76, 0xff, 0xff,
    0xff, 0xff, 0xff, 0xff, 0xff, 0xf0, 0x2d, 0x0,
    0x0, 0x0, 0x0, 0x0, 0x0, 0x0, 0x72, 0xbc,
    0xbc, 0xbc, 0xbc, 0xc8, 0xff, 0xff, 0xff, 0x61,
    0x0, 0x0, 0x0, 0x0, 0x0, 0x0, 0x0, 0x0,
    0x0, 0x0, 0x0, 0x0, 0x0, 0xab, 0xff, 0xff,
    0xcc, 0x0, 0x0, 0x0, 0x0, 0x0, 0x0, 0x0,
    0x0, 0x0, 0x0, 0x0, 0x0, 0x0, 0x7d, 0xff,
    0xff, 0xa0, 0x0, 0x0, 0x0, 0x0, 0x0, 0x0,
    0x0, 0x0, 0x0, 0x0, 0x0, 0x0, 0x0, 0xaa,
    0xff, 0xff, 0x73, 0x0, 0x0, 0x0, 0x0, 0x4b,
    0x5, 0x0, 0x0, 0x0, 0x0, 0x0, 0x0, 0x0,
    0xd7, 0xff, 0xff, 0x46, 0x0, 0x0, 0x1, 0x85,
    0xff, 0x9b, 0x0, 0x0, 0x0, 0x0, 0x0, 0x0,
    0x60, 0xfd, 0xff, 0xff, 0x19, 0x0, 0x0, 0x49,
    0xff, 0xff, 0xff, 0xc5, 0xbc, 0xbc, 0xbc, 0xbc,
    0xc2, 0xff, 0xff, 0xff, 0xd7, 0x0, 0x0, 0x0,
    0x0, 0x96, 0xff, 0xff, 0xff, 0xff, 0xff, 0xff,
    0xff, 0xff, 0xff, 0xff, 0xc4, 0x14, 0x0, 0x0,
    0x0, 0x0, 0x4, 0xbd, 0xff, 0xff, 0xff, 0xff,
    0xff, 0xff, 0xff, 0xff, 0xa6, 0x7, 0x0, 0x0,
    0x0, 0x0,

    /* U+0034 "4" */
    0x0, 0x0, 0x0, 0x0, 0x0, 0x0, 0x0, 0x0,
    0x0, 0x0, 0x1b, 0xe1, 0xff, 0xff, 0xe8, 0x0,
    0x0, 0x0, 0x0, 0x0, 0x0, 0x0, 0x0, 0x0,
    0x0, 0x11, 0xd4, 0xff, 0xff, 0xff, 0xbb, 0x0,
    0x0, 0x0, 0x0, 0x0, 0x0, 0x0, 0x0, 0x0,
    0x9, 0xc5, 0xff, 0xff, 0xff, 0xff, 0x8e, 0x0,
    0x0, 0x0, 0x0, 0x0, 0x0, 0x0, 0x0, 0x4,
    0xb4, 0xff, 0xff, 0xff, 0xff, 0xff, 0x60, 0x0,
    0x0, 0x0, 0x0, 0x0, 0x0, 0x0, 0x1, 0xa1,
    0xff, 0xff, 0xff, 0xff, 0xff, 0xff, 0x33, 0x0,
    0x0, 0x0, 0x0, 0x0, 0x0, 0x0, 0x8c, 0xff,
    0xff, 0xff, 0xcf, 0xff, 0xff, 0xfd, 0x9, 0x0,
    0x0, 0x0, 0x0, 0x0, 0x0, 0x75, 0xff, 0xff,
    0xff, 0xc4, 0x54, 0xff, 0xff, 0xd8, 0x0, 0x0,
    0x0, 0x0, 0x0, 0x0, 0x5f, 0xfe, 0xff, 0xff,
    0xd3, 0x11, 0x77, 0xff, 0xff, 0xab, 0x0, 0x0,
    0x0, 0x0, 0x0, 0x4c, 0xfb, 0xff, 0xff, 0xe0,
    0x1a, 0x0, 0xa4, 0xff, 0xff, 0x7e, 0x0, 0x0,
    0x0, 0x0, 0x3b, 0xf6, 0xff, 0xff, 0xea, 0x26,
    0x0, 0x0, 0xd1, 0xff, 0xff, 0x50, 0x0, 0x0,
    0x0, 0x2c, 0xee, 0xff, 0xff, 0xf2, 0x33, 0x0,
    0x0, 0x4, 0xf8, 0xff, 0xff, 0x23, 0x0, 0x0,
    0x9, 0xe4, 0xff, 0xff, 0xf9, 0x43, 0x0, 0x0,
    0x0, 0x2a, 0xff, 0xff, 0xf4, 0x1, 0x0, 0x0,
    0x35, 0xff, 0xff, 0xff, 0xff, 0xff, 0xff, 0xff,
    0xff, 0xff, 0xff, 0xff, 0xff, 0xff, 0xf0, 0x0,
    0x63, 0xff, 0xff, 0xff, 0xff, 0xff, 0xff, 0xff,
    0xff, 0xff, 0xff, 0xff, 0xff, 0xff, 0xc3, 0x0,
    0x76, 0xd8, 0xd8, 0xd8, 0xd8, 0xd8, 0xd8, 0xd8,
    0xd8, 0xf7, 0xff, 0xff, 0xe6, 0xd8, 0x82, 0x0,
    0x0, 0x0, 0x0, 0x0, 0x0, 0x0, 0x0, 0x0,
    0x0, 0xe9, 0xff, 0xff, 0x3e, 0x0, 0x0, 0x0,
    0x0, 0x0, 0x0, 0x0, 0x0, 0x0, 0x0, 0x0,
    0x1c, 0xff, 0xff, 0xfe, 0xd, 0x0, 0x0, 0x0,
    0x0, 0x0, 0x0, 0x0, 0x0, 0x0, 0x0, 0x0,
    0x4f, 0xff, 0xff, 0xd9, 0x0, 0x0, 0x0, 0x0,

    /* U+0035 "5" */
    0x0, 0x0, 0x0, 0xd, 0xfe, 0xff, 0xff, 0xff,
    0xff, 0xff, 0xff, 0xff, 0xff, 0xff, 0xff, 0x7c,
    0x0, 0x0, 0x0, 0x3c, 0xff, 0xff, 0xff, 0xff,
    0xff, 0xff, 0xff, 0xff, 0xff, 0xff, 0xff, 0x4f,
    0x0, 0x0, 0x0, 0x6b, 0xff, 0xff, 0xf0, 0xd4,
    0xd4, 0xd4, 0xd4, 0xd4, 0xd4, 0xd4, 0xd4, 0x1f,
    0x0, 0x0, 0x0, 0x9b, 0xff, 0xff, 0x8a, 0x0,
    0x0, 0x0, 0x0, 0x0, 0x0, 0x0, 0x0, 0x0,
    0x0, 0x0, 0x0, 0xca, 0xff, 0xff, 0x58, 0x0,
    0x0, 0x0, 0x0, 0x0, 0x0, 0x0, 0x0, 0x0,
    0x0, 0x0, 0x3, 0xf6, 0xff, 0xff, 0x26, 0x0,
    0x0, 0x0, 0x0, 0x0, 0x0, 0x0, 0x0, 0x0,
    0x0, 0x0, 0x29, 0xff, 0xff, 0xff, 0xbd, 0xbc,
    0xbc, 0xbc, 0xbc, 0xbc, 0x74, 0x0, 0x0, 0x0,
    0x0, 0x0, 0x59, 0xff, 0xff, 0xff, 0xff, 0xff,
    0xff, 0xff, 0xff, 0xff, 0xfe, 0x51, 0x0, 0x0,
    0x0, 0x0, 0x88, 0xff, 0xff, 0xff, 0xff, 0xff,
    0xff, 0xff, 0xff, 0xff, 0xff, 0xf3, 0x2a, 0x0,
    0x0, 0x0, 0x0, 0x0, 0x0, 0x0, 0x0, 0x0,
    0x0, 0x0, 0xe, 0xd7, 0xff, 0xff, 0xbe, 0x0,
    0x0, 0x0, 0x0, 0x0, 0x0, 0x0, 0x0, 0x0,
    0x0, 0x0, 0x0, 0x7b, 0xff, 0xff, 0xa6, 0x0,
    0x0, 0x0, 0x0, 0x0, 0x0, 0x0, 0x0, 0x0,
    0x0, 0x0, 0x0, 0xa7, 0xff, 0xff, 0x78, 0x0,
    0x0, 0x0, 0x0, 0x0, 0x0, 0x0, 0x0, 0x0,
    0x0, 0x0, 0x0, 0xd4, 0xff, 0xff, 0x4b, 0x0,
    0x0, 0x0, 0x42, 0xf, 0x0, 0x0, 0x0, 0x0,
    0x0, 0x0, 0x6, 0xfb, 0xff, 0xff, 0x1e, 0x0,
    0x0, 0x6a, 0xfc, 0xb7, 0x3, 0x0, 0x0, 0x0,
    0x0, 0x0, 0x84, 0xff, 0xff, 0xf0, 0x0, 0x0,
    0x2b, 0xfd, 0xff, 0xff, 0xcd, 0xbc, 0xbc, 0xbc,
    0xbc, 0xcd, 0xff, 0xff, 0xff, 0xaf, 0x0, 0x0,
    0x0, 0x77, 0xff, 0xff, 0xff, 0xff, 0xff, 0xff,
    0xff, 0xff, 0xff, 0xff, 0xa9, 0x8, 0x0, 0x0,
    0x0, 0x0, 0xa1, 0xff, 0xff, 0xff, 0xff, 0xff,
    0xff, 0xff, 0xff, 0x88, 0x1, 0x0, 0x0, 0x0,

    /* U+0036 "6" */
    0x0, 0x0, 0x0, 0x0, 0x74, 0xfd, 0xff, 0xff,
    0xff, 0xff, 0xff, 0xff, 0xff, 0xf8, 0x38, 0x0,
    0x0, 0x0, 0x6, 0xa0, 0xff, 0xff, 0xff, 0xff,
    0xff, 0xff, 0xff, 0xff, 0xff, 0xff, 0xe7, 0x1c,
    0x0, 0x0, 0xa3, 0xff, 0xff, 0xff, 0xd2, 0xbc,
    0xbc, 0xbc, 0xbc, 0xbc, 0xeb, 0xff, 0xff, 0xb2,
    0x0, 0x0, 0xe2, 0xff, 0xff, 0x87, 0x2, 0x0,
    0x0, 0x0, 0x0, 0x0, 0x2b, 0xeb, 0xb7, 0x15,
    0x0, 0x11, 0xff, 0xff, 0xfe, 0xd, 0x0, 0x0,
    0x0, 0x0, 0x0, 0x0, 0x0, 0x1b, 0x1, 0x0,
    0x0, 0x3f, 0xff, 0xff, 0xd9, 0x0, 0x0, 0x0,
    0x0, 0x0, 0x0, 0x0, 0x0, 0x0, 0x0, 0x0,
    0x0, 0x6e, 0xff, 0xff, 0xa8, 0x74, 0xbc, 0xbc,
    0xbc, 0xbc, 0xbc, 0xbc, 0x6d, 0x0, 0x0, 0x0,
    0x0, 0x9c, 0xff, 0xff, 0xf5, 0xff, 0xff, 0xff,
    0xff, 0xff, 0xff, 0xff, 0xfd, 0x4c, 0x0, 0x0,
    0x0, 0xcb, 0xff, 0xff, 0xff, 0xff, 0xff, 0xff,
    0xff, 0xff, 0xff, 0xff, 0xff, 0xf2, 0x2a, 0x0,
    0x3, 0xf6, 0xff, 0xff, 0xc5, 0x13, 0x0, 0x0,
    0x0, 0x0, 0x11, 0xdc, 0xff, 0xff, 0xbf, 0x0,
    0x28, 0xff, 0xff, 0xee, 0x8, 0x0, 0x0, 0x0,
    0x0, 0x0, 0x0, 0x7e, 0xff, 0xff, 0xa7, 0x0,
    0x57, 0xff, 0xff, 0xc3, 0x0, 0x0, 0x0, 0x0,
    0x0, 0x0, 0x0, 0xa7, 0xff, 0xff, 0x7b, 0x0,
    0x86, 0xff, 0xff, 0x99, 0x0, 0x0, 0x0, 0x0,
    0x0, 0x0, 0x0, 0xd2, 0xff, 0xff, 0x4e, 0x0,
    0xb4, 0xff, 0xff, 0x6e, 0x0, 0x0, 0x0, 0x0,
    0x0, 0x0, 0x3, 0xf9, 0xff, 0xff, 0x22, 0x0,
    0xe0, 0xff, 0xff, 0x9e, 0x0, 0x0, 0x0, 0x0,
    0x0, 0x1, 0x84, 0xff, 0xff, 0xf4, 0x1, 0x0,
    0x70, 0xff, 0xff, 0xff, 0xc3, 0xbc, 0xbc, 0xbc,
    0xbc, 0xcd, 0xff, 0xff, 0xff, 0xb2, 0x0, 0x0,
    0x0, 0x9d, 0xff, 0xff, 0xff, 0xff, 0xff, 0xff,
    0xff, 0xff, 0xff, 0xff, 0xaa, 0x8, 0x0, 0x0,
    0x0, 0x6, 0xc3, 0xff, 0xff, 0xff, 0xff, 0xff,
    0xff, 0xff, 0xff, 0x8b, 0x1, 0x0, 0x0, 0x0,

    /* U+0037 "7" */
    0x0, 0x0, 0x57, 0xff, 0xff, 0xff, 0xff, 0xff,
    0xff, 0xff, 0xff, 0xff, 0xff, 0xff, 0xc0, 0x0,
    0x0, 0x84, 0xff, 0xff, 0xff, 0xff, 0xff, 0xff,
    0xff, 0xff, 0xff, 0xff, 0xff, 0x92, 0x0, 0x0,
    0x8f, 0xd4, 0xd4, 0xd4, 0xd4, 0xd4, 0xd4, 0xd4,
    0xdb, 0xff, 0xff, 0xff, 0x64, 0x0, 0x0, 0x0,
    0x0, 0x0, 0x0, 0x0, 0x0, 0x0, 0x0, 0x58,
    0xff, 0xff, 0xff, 0x36, 0x0, 0x0, 0x0, 0x0,
    0x0, 0x0, 0x0, 0x0, 0x0, 0x13, 0xe7, 0xff,
    0xff, 0xc3, 0x2, 0x0, 0x0, 0x0, 0x0, 0x0,
    0x0, 0x0, 0x0, 0x0, 0xac, 0xff, 0xff, 0xf4,
    0x23, 0x0, 0x0, 0x0, 0x0, 0x0, 0x0, 0x0,
    0x0, 0x0, 0x5d, 0xff, 0xff, 0xff, 0x6b, 0x0,
    0x0, 0x0, 0x0, 0x0, 0x0, 0x0, 0x0, 0x0,
    0x1d, 0xf0, 0xff, 0xff, 0xbc, 0x1, 0x0, 0x0,
    0x0, 0x0, 0x0, 0x0, 0x0, 0x0, 0x1, 0xbc,
    0xff, 0xff, 0xf1, 0x1e, 0x0, 0x0, 0x0, 0x0,
    0x0, 0x0, 0x0, 0x0, 0x0, 0x6f, 0xff, 0xff,
    0xff, 0x62, 0x0, 0x0, 0x0, 0x0, 0x0, 0x0,
    0x0, 0x0, 0x0, 0x28, 0xf6, 0xff, 0xff, 0xb4,
    0x0, 0x0, 0x0, 0x0, 0x0, 0x0, 0x0, 0x0,
    0x0, 0x4, 0xcb, 0xff, 0xff, 0xee, 0x19, 0x0,
    0x0, 0x0, 0x0, 0x0, 0x0, 0x0, 0x0, 0x0,
    0x81, 0xff, 0xff, 0xff, 0x5a, 0x0, 0x0, 0x0,
    0x0, 0x0, 0x0, 0x0, 0x0, 0x0, 0x35, 0xfb,
    0xff, 0xff, 0xac, 0x0, 0x0, 0x0, 0x0, 0x0,
    0x0, 0x0, 0x0, 0x0, 0x9, 0xd8, 0xff, 0xff,
    0xea, 0x15, 0x0, 0x0, 0x0, 0x0, 0x0, 0x0,
    0x0, 0x0, 0x0, 0x93, 0xff, 0xff, 0xff, 0x51,
    0x0, 0x0, 0x0, 0x0, 0x0, 0x0, 0x0, 0x0,
    0x0, 0x44, 0xfe, 0xff, 0xff, 0xa4, 0x0, 0x0,
    0x0, 0x0, 0x0, 0x0, 0x0, 0x0, 0x0, 0x10,
    0xe3, 0xff, 0xff, 0xe5, 0x11, 0x0, 0x0, 0x0,
    0x0, 0x0, 0x0, 0x0, 0x0, 0x0,

    /* U+0038 "8" */
    0x0, 0x0, 0x0, 0x0, 0x20, 0xce, 0xff, 0xff,
    0xff, 0xff, 0xff, 0xff, 0xff, 0x82, 0x0, 0x0,
    0x0, 0x0, 0x0, 0x45, 0xec, 0xff, 0xff, 0xff,
    0xff, 0xff, 0xff, 0xff, 0xff, 0xff, 0x59, 0x0,
    0x0, 0x0, 0x28, 0xfd, 0xff, 0xff, 0xf7, 0xbc,
    0xbc, 0xbc, 0xbc, 0xd5, 0xff, 0xff, 0xf7, 0x38,
    0x0, 0x0, 0x5c, 0xff, 0xff, 0xe7, 0x30, 0x0,
    0x0, 0x0, 0x0, 0x9, 0xcf, 0xff, 0xff, 0x96,
    0x0, 0x0, 0x8b, 0xff, 0xff, 0x98, 0x0, 0x0,
    0x0, 0x0, 0x0, 0x0, 0xbe, 0xff, 0xff, 0x66,
    0x0, 0x0, 0xba, 0xff, 0xff, 0x65, 0x0, 0x0,
    0x0, 0x0, 0x0, 0x0, 0xee, 0xff, 0xff, 0x36,
    0x0, 0x0, 0xe9, 0xff, 0xff, 0x85, 0x0, 0x0,
    0x0, 0x0, 0x0, 0x6f, 0xff, 0xff, 0xfc, 0x9,
    0x0, 0x5, 0xe6, 0xff, 0xff, 0xff, 0xff, 0xff,
    0xff, 0xff, 0xff, 0xff, 0xff, 0xff, 0xac, 0x0,
    0x0, 0x0, 0x92, 0xff, 0xff, 0xff, 0xff, 0xff,
    0xff, 0xff, 0xff, 0xff, 0xff, 0xe9, 0xa, 0x0,
    0x1, 0x95, 0xff, 0xff, 0xfd, 0xbf, 0xbc, 0xbc,
    0xbc, 0xbc, 0xc5, 0xff, 0xff, 0xff, 0xa0, 0x0,
    0x29, 0xff, 0xff, 0xf8, 0x51, 0x0, 0x0, 0x0,
    0x0, 0x0, 0x0, 0xa3, 0xff, 0xff, 0xd8, 0x0,
    0x57, 0xff, 0xff, 0xc4, 0x0, 0x0, 0x0, 0x0,
    0x0, 0x0, 0x0, 0x75, 0xff, 0xff, 0xab, 0x0,
    0x85, 0xff, 0xff, 0x99, 0x0, 0x0, 0x0, 0x0,
    0x0, 0x0, 0x0, 0xa2, 0xff, 0xff, 0x7e, 0x0,
    0xb4, 0xff, 0xff, 0x6f, 0x0, 0x0, 0x0, 0x0,
    0x0, 0x0, 0x0, 0xcf, 0xff, 0xff, 0x51, 0x0,
    0xe0, 0xff, 0xff, 0x9d, 0x0, 0x0, 0x0, 0x0,
    0x0, 0x0, 0x5a, 0xfb, 0xff, 0xff, 0x24, 0x0,
    0x73, 0xff, 0xff, 0xff, 0xc3, 0xbc, 0xbc, 0xbc,
    0xbc, 0xc1, 0xff, 0xff, 0xff, 0xe0, 0x2, 0x0,
    0x0, 0x9e, 0xff, 0xff, 0xff, 0xff, 0xff, 0xff,
    0xff, 0xff, 0xff, 0xff, 0xca, 0x18, 0x0, 0x0,
    0x0, 0x6, 0xc4, 0xff, 0xff, 0xff, 0xff, 0xff,
    0xff, 0xff, 0xff, 0xac, 0x9, 0x0, 0x0, 0x0,

    /* U+0039 "9" */
    0x0, 0x0, 0x0, 0x0, 0x60, 0xf7, 0xff, 0xff,
    0xff, 0xff, 0xff, 0xff, 0xff, 0xc3, 0x6, 0x0,
    0x0, 0x0, 0x5, 0x95, 0xff, 0xff, 0xff, 0xff,
    0xff, 0xff, 0xff, 0xff, 0xff, 0xff, 0xa0, 0x0,
    0x0, 0x0, 0x8f, 0xff, 0xff, 0xff, 0xda, 0xbc,
    0xbc, 0xbc, 0xbc, 0xc1, 0xff, 0xff, 0xff, 0x77,
    0x0, 0x0, 0xc9, 0xff, 0xff, 0xa4, 0x7, 0x0,
    0x0, 0x0, 0x0, 0x0, 0x8c, 0xff, 0xff, 0xdf,
    0x0, 0x3, 0xf6, 0xff, 0xff, 0x2e, 0x0, 0x0,
    0x0, 0x0, 0x0, 0x0, 0x71, 0xff, 0xff, 0xb1,
    0x0, 0x2a, 0xff, 0xff, 0xf8, 0x5, 0x0, 0x0,
    0x0, 0x0, 0x0, 0x0, 0xa2, 0xff, 0xff, 0x83,
    0x0, 0x5b, 0xff, 0xff, 0xcc, 0x0, 0x0, 0x0,
    0x0, 0x0, 0x0, 0x0, 0xd3, 0xff, 0xff, 0x54,
    0x0, 0x8b, 0xff, 0xff, 0xd9, 0xd, 0x0, 0x0,
    0x0, 0x0, 0x3, 0x89, 0xff, 0xff, 0xff, 0x26,
    0x0, 0x30, 0xf4, 0xff, 0xff, 0xd9, 0xbc, 0xbc,
    0xbc, 0xbc, 0xd5, 0xff, 0xff, 0xff, 0xf5, 0x2,
    0x0, 0x0, 0x4f, 0xfe, 0xff, 0xff, 0xff, 0xff,
    0xff, 0xff, 0xff, 0xff, 0xff, 0xff, 0xc9, 0x0,
    0x0, 0x0, 0x0, 0x77, 0xff, 0xff, 0xff, 0xff,
    0xff, 0xff, 0xc0, 0xb4, 0xff, 0xff, 0x9b, 0x0,
    0x0, 0x0, 0x0, 0x0, 0x0, 0x0, 0x0, 0x0,
    0x0, 0x0, 0x0, 0xbc, 0xff, 0xff, 0x6c, 0x0,
    0x0, 0x0, 0x0, 0x0, 0x0, 0x0, 0x0, 0x0,
    0x0, 0x0, 0x0, 0xe6, 0xff, 0xff, 0x3e, 0x0,
    0x0, 0x2, 0x61, 0x1, 0x0, 0x0, 0x0, 0x0,
    0x0, 0x0, 0x11, 0xff, 0xff, 0xff, 0x10, 0x0,
    0x8, 0xac, 0xff, 0x7b, 0x0, 0x0, 0x0, 0x0,
    0x0, 0x3, 0x97, 0xff, 0xff, 0xe1, 0x0, 0x0,
    0x6e, 0xff, 0xff, 0xfd, 0xbd, 0xbc, 0xbc, 0xbc,
    0xbc, 0xd1, 0xff, 0xff, 0xff, 0xa3, 0x0, 0x0,
    0x3, 0xb9, 0xff, 0xff, 0xff, 0xff, 0xff, 0xff,
    0xff, 0xff, 0xff, 0xff, 0xa3, 0x7, 0x0, 0x0,
    0x0, 0x10, 0xd9, 0xff, 0xff, 0xff, 0xff, 0xff,
    0xff, 0xff, 0xfe, 0x7a, 0x0, 0x0, 0x0, 0x0,

    /* U+003A ":" */
    0x0, 0x0, 0xc, 0xfe, 0xff, 0xf9, 0x4, 0x0,
    0x0, 0x37, 0xff, 0xff, 0xd0, 0x0, 0x0, 0x0,
    0x64, 0xff, 0xff, 0xa4, 0x0, 0x0, 0x0, 0x11,
    0x24, 0x24, 0x13, 0x0, 0x0, 0x0, 0x0, 0x0,
    0x0, 0x0, 0x0, 0x0, 0x0, 0x0, 0x0, 0x0,
    0x0, 0x0, 0x0, 0x0, 0x0, 0x0, 0x0, 0x0,
    0x0, 0x0, 0x0, 0x0, 0x0, 0x0, 0x0, 0x0,
    0x0, 0x0, 0x0, 0x0, 0x0, 0x0, 0x0, 0x0,
    0x13, 0x1c, 0x1c, 0x8, 0x0, 0x0, 0x0, 0xcf,
    0xff, 0xff, 0x38, 0x0, 0x0, 0x3, 0xf8, 0xff,
    0xfe, 0xc, 0x0, 0x0, 0x29, 0xff, 0xff, 0xde,
    0x0, 0x0, 0x0,

    /* U+003B ";" */
    0x0, 0x0, 0x0, 0xc, 0xfe, 0xff, 0xf9, 0x4,
    0x0, 0x0, 0x0, 0x37, 0xff, 0xff, 0xd0, 0x0,
    0x0, 0x0, 0x0, 0x64, 0xff, 0xff, 0xa4, 0x0,
    0x0, 0x0, 0x0, 0x11, 0x24, 0x24, 0x13, 0x0,
    0x0, 0x0, 0x0, 0x0, 0x0, 0x0, 0x0, 0x0,
    0x0, 0x0, 0x0, 0x0, 0x0, 0x0, 0x0, 0x0,
    0x0, 0x0, 0x0, 0x0, 0x0, 0x0, 0x0, 0x0,
    0x0, 0x0, 0x0, 0x0, 0x0, 0x0, 0x0, 0x0,
    0x0, 0x0, 0x0, 0x0, 0x0, 0x0, 0x0, 0x0,
    0x0, 0x0, 0x1d, 0x28, 0x28, 0x8, 0x0, 0x0,
    0x0, 0x4, 0xeb, 0xff, 0xd9, 0x5, 0x0, 0x0,
    0x0, 0x4a, 0xff, 0xff, 0x4c, 0x0, 0x0, 0x0,
    0x0, 0xa4, 0xff, 0xb9, 0x0, 0x0, 0x0, 0x0,
    0xa, 0xf4, 0xfb, 0x2a, 0x0, 0x0, 0x0, 0x0,
    0x59, 0xff, 0x93, 0x0, 0x0, 0x0, 0x0, 0x0,
    0x68, 0xa2, 0x12, 0x0, 0x0, 0x0, 0x0, 0x0,

    /* U+003C "<" */
    0x0, 0x0, 0x0, 0x0, 0x0, 0x0, 0x0, 0x35,
    0x7b, 0x0, 0x0, 0x0, 0x0, 0x0, 0x0, 0x0,
    0x55, 0xf6, 0xff, 0x5f, 0x0, 0x0, 0x0, 0x0,
    0x0, 0x7c, 0xfe, 0xff, 0xdc, 0x27, 0x0, 0x0,
    0x0, 0x7, 0xa4, 0xff, 0xff, 0xc2, 0x13, 0x0,
    0x0, 0x0, 0x16, 0xc5, 0xff, 0xff, 0xa1, 0x6,
    0x0, 0x0, 0x0, 0x2c, 0xdf, 0xff, 0xfe, 0x7b,
    0x0, 0x0, 0x0, 0x0, 0x42, 0xf2, 0xff, 0xfd,
    0x55, 0x0, 0x0, 0x0, 0x0, 0x0, 0x24, 0xed,
    0xff, 0xff, 0x75, 0x0, 0x0, 0x0, 0x0, 0x0,
    0x0, 0x42, 0xfb, 0xff, 0xfd, 0x4b, 0x0, 0x0,
    0x0, 0x0, 0x0, 0x0, 0x6b, 0xff, 0xff, 0xf1,
    0x2a, 0x0, 0x0, 0x0, 0x0, 0x0, 0x0, 0x96,
    0xff, 0xff, 0xdc, 0x12, 0x0, 0x0, 0x0, 0x0,
    0x0, 0x4, 0xbe, 0xff, 0xff, 0xb3, 0x0, 0x0,
    0x0, 0x0, 0x0, 0x0, 0x12, 0xdc, 0xe5, 0x32,
    0x0, 0x0, 0x0, 0x0, 0x0, 0x0, 0x0, 0x27,
    0x1c, 0x0, 0x0, 0x0,

    /* U+003D "=" */
    0x0, 0x6, 0xfb, 0xff, 0xff, 0xff, 0xff, 0xff,
    0xff, 0xff, 0xff, 0xff, 0xff, 0xff, 0xff, 0x30,
    0x0, 0x2e, 0xff, 0xff, 0xff, 0xff, 0xff, 0xff,
    0xff, 0xff, 0xff, 0xff, 0xff, 0xff, 0xfc, 0x7,
    0x0, 0x24, 0x78, 0x78, 0x78, 0x78, 0x78, 0x78,
    0x78, 0x78, 0x78, 0x78, 0x78, 0x78, 0x6a, 0x0,
    0x0, 0x0, 0x0, 0x0, 0x0, 0x0, 0x0, 0x0,
    0x0, 0x0, 0x0, 0x0, 0x0, 0x0, 0x0, 0x0,
    0x0, 0x0, 0x0, 0x0, 0x0, 0x0, 0x0, 0x0,
    0x0, 0x0, 0x0, 0x0, 0x0, 0x0, 0x0, 0x0,
    0x0, 0x71, 0x78, 0x78, 0x78, 0x78, 0x78, 0x78,
    0x78, 0x78, 0x78, 0x78, 0x78, 0x78, 0x1e, 0x0,
    0x12, 0xff, 0xff, 0xff, 0xff, 0xff, 0xff, 0xff,
    0xff, 0xff, 0xff, 0xff, 0xff, 0xff, 0x21, 0x0,
    0x3e, 0xff, 0xff, 0xff, 0xff, 0xff, 0xff, 0xff,
    0xff, 0xff, 0xff, 0xff, 0xff, 0xf4, 0x1, 0x0,

    /* U+003E ">" */
    0x0, 0x0, 0x0, 0x2f, 0x82, 0x0, 0x0, 0x0,
    0x0, 0x0, 0x0, 0x0, 0x4d, 0xf4, 0xff, 0x6d,
    0x0, 0x0, 0x0, 0x0, 0x0, 0x0, 0x46, 0xfc,
    0xff, 0xfc, 0x45, 0x0, 0x0, 0x0, 0x0, 0x0,
    0x0, 0x6e, 0xff, 0xff, 0xef, 0x26, 0x0, 0x0,
    0x0, 0x0, 0x0, 0x0, 0x9a, 0xff, 0xff, 0xd9,
    0x10, 0x0, 0x0, 0x0, 0x0, 0x0, 0x5, 0xc0,
    0xff, 0xff, 0xba, 0x3, 0x0, 0x0, 0x0, 0x0,
    0x0, 0x13, 0xe5, 0xff, 0xff, 0x8a, 0x0, 0x0,
    0x0, 0x0, 0x0, 0x78, 0xfe, 0xff, 0xe0, 0x2c,
    0x0, 0x0, 0x0, 0x6, 0xa0, 0xff, 0xff, 0xc7,
    0x17, 0x0, 0x0, 0x0, 0x13, 0xc2, 0xff, 0xff,
    0xa8, 0x8, 0x0, 0x0, 0x0, 0x28, 0xdc, 0xff,
    0xff, 0x82, 0x1, 0x0, 0x0, 0x0, 0x34, 0xef,
    0xff, 0xf8, 0x5b, 0x0, 0x0, 0x0, 0x0, 0x0,
    0xd, 0xd4, 0xeb, 0x3b, 0x0, 0x0, 0x0, 0x0,
    0x0, 0x0, 0x0, 0x22, 0x22, 0x0, 0x0, 0x0,
    0x0, 0x0, 0x0, 0x0,

    /* U+003F "?" */
    0x0, 0x3, 0x93, 0xff, 0xff, 0xff, 0xff, 0xff,
    0xff, 0xfe, 0x53, 0x0, 0x0, 0xf, 0xb9, 0xff,
    0xff, 0xff, 0xff, 0xff, 0xff, 0xff, 0xff, 0xf5,
    0x31, 0x0, 0xb4, 0xff, 0xff, 0xee, 0xbc, 0xbc,
    0xbc, 0xbc, 0xfb, 0xff, 0xff, 0xe2, 0x11, 0x2a,
    0xf2, 0xd2, 0x22, 0x0, 0x0, 0x0, 0x0, 0x6d,
    0xff, 0xff, 0xff, 0x11, 0x0, 0x36, 0xb, 0x0,
    0x0, 0x0, 0x0, 0x0, 0x47, 0xff, 0xff, 0xe1,
    0x0, 0x0, 0x0, 0x0, 0x0, 0x0, 0x0, 0x0,
    0x0, 0x72, 0xff, 0xff, 0xb2, 0x0, 0x0, 0x0,
    0x0, 0x0, 0x0, 0x0, 0x0, 0x5b, 0xee, 0xff,
    0xff, 0x83, 0x0, 0x0, 0x0, 0x0, 0x0, 0x0,
    0x15, 0xad, 0xff, 0xff, 0xff, 0xcc, 0x25, 0x0,
    0x0, 0x0, 0x0, 0x0, 0x50, 0xe9, 0xff, 0xff,
    0xf6, 0x75, 0x3, 0x0, 0x0, 0x0, 0x0, 0x0,
    0x9d, 0xff, 0xff, 0xff, 0xbc, 0x23, 0x0, 0x0,
    0x0, 0x0, 0x0, 0x0, 0x10, 0xff, 0xff, 0xee,
    0x63, 0x0, 0x0, 0x0, 0x0, 0x0, 0x0, 0x0,
    0x0, 0x3f, 0xff, 0xff, 0x63, 0x0, 0x0, 0x0,
    0x0, 0x0, 0x0, 0x0, 0x0, 0x0, 0x6f, 0xff,
    0xff, 0x37, 0x0, 0x0, 0x0, 0x0, 0x0, 0x0,
    0x0, 0x0, 0x0, 0x2a, 0x4c, 0x4c, 0x7, 0x0,
    0x0, 0x0, 0x0, 0x0, 0x0, 0x0, 0x0, 0x1,
    0x1c, 0x1c, 0x1a, 0x0, 0x0, 0x0, 0x0, 0x0,
    0x0, 0x0, 0x0, 0x0, 0x27, 0xff, 0xff, 0xdc,
    0x0, 0x0, 0x0, 0x0, 0x0, 0x0, 0x0, 0x0,
    0x0, 0x54, 0xff, 0xff, 0xaf, 0x0, 0x0, 0x0,
    0x0, 0x0, 0x0, 0x0, 0x0, 0x0, 0x81, 0xff,
    0xff, 0x82, 0x0, 0x0, 0x0, 0x0, 0x0, 0x0,
    0x0, 0x0,

    /* U+0040 "@" */
    0x0, 0x0, 0x0, 0x0, 0x0, 0x0, 0x65, 0xfa,
    0xff, 0xff, 0xff, 0xff, 0xff, 0xff, 0xff, 0xff,
    0xff, 0xff, 0xff, 0xff, 0xff, 0xff, 0xf6, 0x38,
    0x0, 0x0, 0x0, 0x0, 0x0, 0x0, 0x0, 0x2,
    0x8e, 0xff, 0xff, 0xff, 0xff, 0xff, 0xff, 0xff,
    0xff, 0xff, 0xff, 0xff, 0xff, 0xff, 0xff, 0xff,
    0xff, 0xff, 0xeb, 0x24, 0x0, 0x0, 0x0, 0x0,
    0x0, 0xd, 0xb4, 0xff, 0xff, 0xff, 0xc7, 0x74,
    0x74, 0x74, 0x74, 0x74, 0x74, 0x74, 0x74, 0x74,
    0x74, 0x74, 0x74, 0xe2, 0xff, 0xff, 0xda, 0x14,
    0x0, 0x0, 0x0, 0x0, 0xca, 0xff, 0xff, 0xff,
    0xa3, 0x7, 0x0, 0x0, 0x0, 0x0, 0x0, 0x0,
    0x0, 0x0, 0x0, 0x0, 0x0, 0x0, 0x27, 0xea,
    0xff, 0xff, 0xc6, 0x9, 0x0, 0x0, 0x10, 0xff,
    0xff, 0xfe, 0x7b, 0x0, 0x0, 0x0, 0x0, 0x0,
    0x0, 0x0, 0x0, 0x0, 0x0, 0x0, 0x0, 0x0,
    0x0, 0x0, 0x32, 0xfb, 0xff, 0xff, 0x28, 0x0,
    0x0, 0x3e, 0xff, 0xff, 0xc8, 0x0, 0x0, 0x0,
    0x0, 0x3b, 0xec, 0xff, 0xff, 0xff, 0xa0, 0x4b,
    0xff, 0xff, 0xbd, 0x0, 0x0, 0xf, 0xff, 0xff,
    0xf8, 0x3, 0x0, 0x0, 0x6b, 0xff, 0xff, 0x9b,
    0x0, 0x0, 0x0, 0x58, 0xf8, 0xff, 0xff, 0xff,
    0xff, 0xff, 0xd8, 0xff, 0xff, 0x90, 0x0, 0x0,
    0x3c, 0xff, 0xff, 0xce, 0x0, 0x0, 0x0, 0x99,
    0xff, 0xff, 0x6d, 0x0, 0x0, 0x78, 0xfe, 0xff,
    0xff, 0x98, 0x78, 0xaa, 0xff, 0xff, 0xff, 0xff,
    0x64, 0x0, 0x0, 0x6a, 0xff, 0xff, 0xa0, 0x0,
    0x0, 0x0, 0xc6, 0xff, 0xff, 0x40, 0x0, 0xa,
    0xfd, 0xff, 0xfc, 0x5d, 0x0, 0x0, 0x3, 0xb5,
    0xff, 0xff, 0xff, 0x37, 0x0, 0x0, 0x97, 0xff,
    0xff, 0x73, 0x0, 0x0, 0x1, 0xf2, 0xff, 0xff,
    0x12, 0x0, 0x36, 0xff, 0xff, 0xcf, 0x0, 0x0,
    0x0, 0x0, 0x11, 0xff, 0xff, 0xfe, 0xc, 0x0,
    0x0, 0xc5, 0xff, 0xff, 0x45, 0x0, 0x0, 0x21,
    0xff, 0xff, 0xe4, 0x0, 0x0, 0x63, 0xff, 0xff,
    0xa2, 0x0, 0x0, 0x0, 0x0, 0x29, 0xff, 0xff,
    0xde, 0x0, 0x0, 0x0, 0xf1, 0xff, 0xff, 0x18,
    0x0, 0x0, 0x4e, 0xff, 0xff, 0xb7, 0x0, 0x0,
    0x91, 0xff, 0xff, 0x75, 0x0, 0x0, 0x0, 0x0,
    0x56, 0xff, 0xff, 0xb1, 0x0, 0x0, 0x20, 0xff,
    0xff, 0xea, 0x0, 0x0, 0x0, 0x7b, 0xff, 0xff,
    0x89, 0x0, 0x0, 0xbe, 0xff, 0xff, 0x49, 0x0,
    0x0, 0x0, 0x0, 0x82, 0xff, 0xff, 0x85, 0x0,
    0x0, 0x4d, 0xff, 0xff, 0xbd, 0x0, 0x0, 0x0,
    0xa9, 0xff, 0xff, 0x5b, 0x0, 0x0, 0xeb, 0xff,
    0xff, 0x2f, 0x0, 0x0, 0x0, 0x2b, 0xdf, 0xff,
    0xff, 0x58, 0x0, 0x0, 0x7b, 0xff, 0xff, 0x8f,
    0x0, 0x0, 0x0, 0xd6, 0xff, 0xff, 0x2e, 0x0,
    0x0, 0x8c, 0xff, 0xff, 0xc8, 0x7, 0x0, 0x55,
    0xf3, 0xff, 0xff, 0xff, 0x9d, 0x0, 0x31, 0xe5,
    0xff, 0xff, 0x62, 0x0, 0x0, 0x7, 0xfb, 0xff,
    0xfa, 0x5, 0x0, 0x0, 0x2, 0xb4, 0xff, 0xff,
    0xff, 0xff, 0xff, 0xff, 0xfd, 0xe6, 0xff, 0xff,
    0xff, 0xff, 0xff, 0xff, 0xb8, 0xe, 0x0, 0x0,
    0x31, 0xff, 0xff, 0xd3, 0x0, 0x0, 0x0, 0x0,
    0xd, 0xd5, 0xff, 0xff, 0xff, 0xff, 0xef, 0x48,
    0x23, 0xed, 0xff, 0xff, 0xff, 0xff, 0x93, 0x3,
    0x0, 0x0, 0x0, 0x5e, 0xff, 0xff, 0xaa, 0x0,
    0x0, 0x0, 0x0, 0x0, 0x20, 0x74, 0x74, 0x74,
    0x74, 0x24, 0x0, 0x0, 0x36, 0x74, 0x74, 0x74,
    0x53, 0x3, 0x0, 0x0, 0x0, 0x0, 0x7f, 0xff,
    0xff, 0xf5, 0x2c, 0x0, 0x0, 0x0, 0x0, 0x0,
    0x0, 0x0, 0x0, 0x0, 0x0, 0x0, 0x0, 0x0,
    0x0, 0x0, 0x0, 0x5f, 0xc2, 0x5, 0x0, 0x0,
    0x0, 0x11, 0xdb, 0xff, 0xff, 0xda, 0xe, 0x0,
    0x0, 0x0, 0x0, 0x0, 0x0, 0x0, 0x0, 0x0,
    0x0, 0x0, 0x0, 0x0, 0x0, 0x74, 0xfe, 0xff,
    0x8c, 0x0, 0x0, 0x0, 0x0, 0x2a, 0xf2, 0xff,
    0xff, 0xba, 0x74, 0x74, 0x74, 0x74, 0x74, 0x74,
    0x74, 0x74, 0x74, 0x74, 0x74, 0x74, 0x74, 0x9c,
    0xff, 0xff, 0xff, 0x96, 0x0, 0x0, 0x0, 0x0,
    0x0, 0x4f, 0xfe, 0xff, 0xff, 0xff, 0xff, 0xff,
    0xff, 0xff, 0xff, 0xff, 0xff, 0xff, 0xff, 0xff,
    0xff, 0xff, 0xff, 0xff, 0xfd, 0x70, 0x0, 0x0,
    0x0, 0x0, 0x0, 0x0, 0x0, 0x7f, 0xff, 0xff,
    0xff, 0xff, 0xff, 0xff, 0xff, 0xff, 0xff, 0xff,
    0xff, 0xff, 0xff, 0xff, 0xff, 0xff, 0xf3, 0x4c,
    0x0, 0x0, 0x0, 0x0, 0x0,

    /* U+0041 "A" */
    0x0, 0x0, 0x0, 0x0, 0x0, 0x0, 0x0, 0x0,
    0x0, 0xcd, 0xff, 0xff, 0xff, 0xf3, 0x1, 0x0,
    0x0, 0x0, 0x0, 0x0, 0x0, 0x0, 0x0, 0x0,
    0x0, 0x50, 0xff, 0xff, 0xff, 0xff, 0xff, 0x20,
    0x0, 0x0, 0x0, 0x0, 0x0, 0x0, 0x0, 0x0,
    0x0, 0x1, 0xd1, 0xff, 0xff, 0xf9, 0xff, 0xff,
    0x4b, 0x0, 0x0, 0x0, 0x0, 0x0, 0x0, 0x0,
    0x0, 0x0, 0x56, 0xff, 0xff, 0xd2, 0x4e, 0xff,
    0xff, 0x77, 0x0, 0x0, 0x0, 0x0, 0x0, 0x0,
    0x0, 0x0, 0x2, 0xd6, 0xff, 0xff, 0x58, 0x29,
    0xff, 0xff, 0xa2, 0x0, 0x0, 0x0, 0x0, 0x0,
    0x0, 0x0, 0x0, 0x5c, 0xff, 0xff, 0xda, 0x3,
    0x7, 0xfd, 0xff, 0xcd, 0x0, 0x0, 0x0, 0x0,
    0x0, 0x0, 0x0, 0x4, 0xdb, 0xff, 0xff, 0x62,
    0x0, 0x0, 0xe1, 0xff, 0xf6, 0x2, 0x0, 0x0,
    0x0, 0x0, 0x0, 0x0, 0x62, 0xff, 0xff, 0xe1,
    0x5, 0x0, 0x0, 0xbe, 0xff, 0xff, 0x24, 0x0,
    0x0, 0x0, 0x0, 0x0, 0x5, 0xdf, 0xff, 0xff,
    0x6b, 0x0, 0x0, 0x0, 0x9a, 0xff, 0xff, 0x4f,
    0x0, 0x0, 0x0, 0x0, 0x0, 0x68, 0xff, 0xff,
    0xe8, 0x8, 0x0, 0x0, 0x0, 0x76, 0xff, 0xff,
    0x7b, 0x0, 0x0, 0x0, 0x0, 0x7, 0xe2, 0xff,
    0xff, 0x75, 0x0, 0x0, 0x0, 0x0, 0x52, 0xff,
    0xff, 0xa6, 0x0, 0x0, 0x0, 0x0, 0x6d, 0xff,
    0xff, 0xff, 0xff, 0xff, 0xff, 0xff, 0xff, 0xff,
    0xff, 0xff, 0xd1, 0x0, 0x0, 0x0, 0x9, 0xe6,
    0xff, 0xff, 0xff, 0xff, 0xff, 0xff, 0xff, 0xff,
    0xff, 0xff, 0xff, 0xf9, 0x4, 0x0, 0x0, 0x73,
    0xff, 0xff, 0xf6, 0xbc, 0xbc, 0xbc, 0xbc, 0xbc,
    0xbc, 0xbc, 0xf8, 0xff, 0xff, 0x28, 0x0, 0xb,
    0xea, 0xff, 0xff, 0x8a, 0x0, 0x0, 0x0, 0x0,
    0x0, 0x0, 0x0, 0xcc, 0xff, 0xff, 0x53, 0x0,
    0x79, 0xff, 0xff, 0xf5, 0x15, 0x0, 0x0, 0x0,
    0x0, 0x0, 0x0, 0x0, 0xa6, 0xff, 0xff, 0x7f,
    0xe, 0xed, 0xff, 0xff, 0x8b, 0x0, 0x0, 0x0,
    0x0, 0x0, 0x0, 0x0, 0x0, 0x81, 0xff, 0xff,
    0xaa, 0x7f, 0xff, 0xff, 0xf5, 0x16, 0x0, 0x0,
    0x0, 0x0, 0x0, 0x0, 0x0, 0x0, 0x5b, 0xff,
    0xff, 0xd6,

    /* U+0042 "B" */
    0x0, 0x0, 0x0, 0xd8, 0xff, 0xff, 0xff, 0xff,
    0xff, 0xff, 0xff, 0xff, 0xff, 0xd4, 0xe, 0x0,
    0x0, 0x0, 0x0, 0x8, 0xfc, 0xff, 0xff, 0xff,
    0xff, 0xff, 0xff, 0xff, 0xff, 0xff, 0xff, 0xb5,
    0x3, 0x0, 0x0, 0x0, 0x34, 0xff, 0xff, 0xf7,
    0xbc, 0xbc, 0xbc, 0xbc, 0xbc, 0xbd, 0xfd, 0xff,
    0xff, 0x8f, 0x0, 0x0, 0x0, 0x62, 0xff, 0xff,
    0xc1, 0x0, 0x0, 0x0, 0x0, 0x0, 0x0, 0x74,
    0xff, 0xff, 0xf4, 0x1, 0x0, 0x0, 0x90, 0xff,
    0xff, 0x90, 0x0, 0x0, 0x0, 0x0, 0x0, 0x0,
    0x58, 0xff, 0xff, 0xc6, 0x0, 0x0, 0x0, 0xbf,
    0xff, 0xff, 0x5e, 0x0, 0x0, 0x0, 0x0, 0x0,
    0x0, 0x8a, 0xff, 0xff, 0x96, 0x0, 0x0, 0x0,
    0xec, 0xff, 0xff, 0x2c, 0x0, 0x0, 0x0, 0x0,
    0x0, 0x5c, 0xfa, 0xff, 0xff, 0x61, 0x0, 0x0,
    0x1b, 0xff, 0xff, 0xff, 0xff, 0xff, 0xff, 0xff,
    0xff, 0xff, 0xff, 0xff, 0xff, 0x8e, 0x1, 0x0,
    0x0, 0x49, 0xff, 0xff, 0xff, 0xff, 0xff, 0xff,
    0xff, 0xff, 0xff, 0xff, 0xff, 0xff, 0x54, 0x0,
    0x0, 0x0, 0x78, 0xff, 0xff, 0xe2, 0xbc, 0xbc,
    0xbc, 0xbc, 0xbc, 0xbc, 0xdb, 0xff, 0xff, 0xf5,
    0x31, 0x0, 0x0, 0xa6, 0xff, 0xff, 0x75, 0x0,
    0x0, 0x0, 0x0, 0x0, 0x0, 0x13, 0xe1, 0xff,
    0xff, 0x82, 0x0, 0x0, 0xd4, 0xff, 0xff, 0x48,
    0x0, 0x0, 0x0, 0x0, 0x0, 0x0, 0x0, 0xca,
    0xff, 0xff, 0x54, 0x0, 0x6, 0xfb, 0xff, 0xff,
    0x1b, 0x0, 0x0, 0x0, 0x0, 0x0, 0x0, 0x1,
    0xf4, 0xff, 0xff, 0x27, 0x0, 0x30, 0xff, 0xff,
    0xee, 0x0, 0x0, 0x0, 0x0, 0x0, 0x0, 0x0,
    0x23, 0xff, 0xff, 0xf6, 0x3, 0x0, 0x5f, 0xff,
    0xff, 0xc1, 0x0, 0x0, 0x0, 0x0, 0x0, 0x0,
    0x6, 0xa3, 0xff, 0xff, 0xcc, 0x0, 0x0, 0x8d,
    0xff, 0xff, 0xe7, 0xbc, 0xbc, 0xbc, 0xbc, 0xbc,
    0xbc, 0xd6, 0xff, 0xff, 0xf9, 0x58, 0x0, 0x0,
    0xbb, 0xff, 0xff, 0xff, 0xff, 0xff, 0xff, 0xff,
    0xff, 0xff, 0xff, 0xff, 0xed, 0x3f, 0x0, 0x0,
    0x0, 0xe9, 0xff, 0xff, 0xff, 0xff, 0xff, 0xff,
    0xff, 0xff, 0xff, 0xff, 0xdb, 0x26, 0x0, 0x0,
    0x0, 0x0,

    /* U+0043 "C" */
    0x0, 0x0, 0x0, 0x0, 0x74, 0xfd, 0xff, 0xff,
    0xff, 0xff, 0xff, 0xff, 0xff, 0xff, 0x75, 0x0,
    0x0, 0x0, 0x0, 0x6, 0xa0, 0xff, 0xff, 0xff,
    0xff, 0xff, 0xff, 0xff, 0xff, 0xff, 0xff, 0xfd,
    0x4b, 0x0, 0x0, 0x0, 0xa3, 0xff, 0xff, 0xff,
    0xd2, 0xbc, 0xbc, 0xbc, 0xbc, 0xbc, 0xd8, 0xff,
    0xff, 0xea, 0xa, 0x0, 0x0, 0xe2, 0xff, 0xff,
    0x93, 0x3, 0x0, 0x0, 0x0, 0x0, 0x0, 0xd,
    0xd0, 0xe7, 0x38, 0x0, 0x0, 0x10, 0xff, 0xff,
    0xff, 0x13, 0x0, 0x0, 0x0, 0x0, 0x0, 0x0,
    0x0, 0x1a, 0x1c, 0x0, 0x0, 0x0, 0x3f, 0xff,
    0xff, 0xe5, 0x0, 0x0, 0x0, 0x0, 0x0, 0x0,
    0x0, 0x0, 0x0, 0x0, 0x0, 0x0, 0x0, 0x6d,
    0xff, 0xff, 0xb7, 0x0, 0x0, 0x0, 0x0, 0x0,
    0x0, 0x0, 0x0, 0x0, 0x0, 0x0, 0x0, 0x0,
    0x9c, 0xff, 0xff, 0x89, 0x0, 0x0, 0x0, 0x0,
    0x0, 0x0, 0x0, 0x0, 0x0, 0x0, 0x0, 0x0,
    0x0, 0xca, 0xff, 0xff, 0x5a, 0x0, 0x0, 0x0,
    0x0, 0x0, 0x0, 0x0, 0x0, 0x0, 0x0, 0x0,
    0x0, 0x2, 0xf6, 0xff, 0xff, 0x2c, 0x0, 0x0,
    0x0, 0x0, 0x0, 0x0, 0x0, 0x0, 0x0, 0x0,
    0x0, 0x0, 0x27, 0xff, 0xff, 0xf9, 0x5, 0x0,
    0x0, 0x0, 0x0, 0x0, 0x0, 0x0, 0x0, 0x0,
    0x0, 0x0, 0x0, 0x56, 0xff, 0xff, 0xd0, 0x0,
    0x0, 0x0, 0x0, 0x0, 0x0, 0x0, 0x0, 0x0,
    0x0, 0x0, 0x0, 0x0, 0x84, 0xff, 0xff, 0xa2,
    0x0, 0x0, 0x0, 0x0, 0x0, 0x0, 0x0, 0x0,
    0x0, 0x0, 0x0, 0x0, 0x0, 0xb3, 0xff, 0xff,
    0x74, 0x0, 0x0, 0x0, 0x0, 0x0, 0x0, 0x0,
    0x0, 0x3c, 0x0, 0x0, 0x0, 0x0, 0xe0, 0xff,
    0xff, 0x98, 0x0, 0x0, 0x0, 0x0, 0x0, 0x0,
    0x7, 0xa2, 0xff, 0x59, 0x0, 0x0, 0x0, 0x76,
    0xff, 0xff, 0xff, 0xc3, 0xbc, 0xbc, 0xbc, 0xbc,
    0xbc, 0xd9, 0xff, 0xff, 0xf7, 0x29, 0x0, 0x0,
    0x0, 0xa0, 0xff, 0xff, 0xff, 0xff, 0xff, 0xff,
    0xff, 0xff, 0xff, 0xff, 0xff, 0x87, 0x1, 0x0,
    0x0, 0x0, 0x6, 0xc4, 0xff, 0xff, 0xff, 0xff,
    0xff, 0xff, 0xff, 0xff, 0xf9, 0x5f, 0x0, 0x0,
    0x0, 0x0,

    /* U+0044 "D" */
    0x0, 0x0, 0x0, 0xd8, 0xff, 0xff, 0xff, 0xff,
    0xff, 0xff, 0xff, 0xff, 0xff, 0xdd, 0x13, 0x0,
    0x0, 0x0, 0x0, 0x8, 0xfc, 0xff, 0xff, 0xff,
    0xff, 0xff, 0xff, 0xff, 0xff, 0xff, 0xff, 0xc0,
    0x5, 0x0, 0x0, 0x0, 0x34, 0xff, 0xff, 0xf7,
    0xbc, 0xbc, 0xbc, 0xbc, 0xbc, 0xbc, 0xfc, 0xff,
    0xff, 0x9a, 0x0, 0x0, 0x0, 0x62, 0xff, 0xff,
    0xc4, 0x0, 0x0, 0x0, 0x0, 0x0, 0x0, 0x70,
    0xff, 0xff, 0xff, 0x6e, 0x0, 0x0, 0x90, 0xff,
    0xff, 0x95, 0x0, 0x0, 0x0, 0x0, 0x0, 0x0,
    0x0, 0x9a, 0xff, 0xff, 0xec, 0x0, 0x0, 0xbf,
    0xff, 0xff, 0x66, 0x0, 0x0, 0x0, 0x0, 0x0,
    0x0, 0x0, 0x65, 0xff, 0xff, 0xc1, 0x0, 0x0,
    0xec, 0xff, 0xff, 0x38, 0x0, 0x0, 0x0, 0x0,
    0x0, 0x0, 0x0, 0x94, 0xff, 0xff, 0x92, 0x0,
    0x1b, 0xff, 0xff, 0xfe, 0xb, 0x0, 0x0, 0x0,
    0x0, 0x0, 0x0, 0x0, 0xc2, 0xff, 0xff, 0x63,
    0x0, 0x49, 0xff, 0xff, 0xda, 0x0, 0x0, 0x0,
    0x0, 0x0, 0x0, 0x0, 0x0, 0xf0, 0xff, 0xff,
    0x34, 0x0, 0x78, 0xff, 0xff, 0xac, 0x0, 0x0,
    0x0, 0x0, 0x0, 0x0, 0x0, 0x20, 0xff, 0xff,
    0xfc, 0x9, 0x0, 0xa6, 0xff, 0xff, 0x7d, 0x0,
    0x0, 0x0, 0x0, 0x0, 0x0, 0x0, 0x4e, 0xff,
    0xff, 0xd7, 0x0, 0x0, 0xd4, 0xff, 0xff, 0x4f,
    0x0, 0x0, 0x0, 0x0, 0x0, 0x0, 0x0, 0x7d,
    0xff, 0xff, 0xa8, 0x0, 0x6, 0xfb, 0xff, 0xff,
    0x20, 0x0, 0x0, 0x0, 0x0, 0x0, 0x0, 0x0,
    0xab, 0xff, 0xff, 0x79, 0x0, 0x30, 0xff, 0xff,
    0xf0, 0x0, 0x0, 0x0, 0x0, 0x0, 0x0, 0x0,
    0x49, 0xf3, 0xff, 0xff, 0x4a, 0x0, 0x5f, 0xff,
    0xff, 0xc3, 0x0, 0x0, 0x0, 0x0, 0x0, 0x0,
    0x70, 0xfc, 0xff, 0xff, 0xed, 0x16, 0x0, 0x8d,
    0xff, 0xff, 0xe8, 0xbc, 0xbc, 0xbc, 0xbc, 0xbc,
    0xc8, 0xff, 0xff, 0xff, 0xd8, 0x25, 0x0, 0x0,
    0xbb, 0xff, 0xff, 0xff, 0xff, 0xff, 0xff, 0xff,
    0xff, 0xff, 0xff, 0xff, 0xbb, 0x10, 0x0, 0x0,
    0x0, 0xe9, 0xff, 0xff, 0xff, 0xff, 0xff, 0xff,
    0xff, 0xff, 0xff, 0xff, 0x95, 0x4, 0x0, 0x0,
    0x0, 0x0,

    /* U+0045 "E" */
    0x0, 0x0, 0x0, 0xd8, 0xff, 0xff, 0xff, 0xff,
    0xff, 0xff, 0xff, 0xff, 0xff, 0xff, 0xff, 0xc0,
    0x0, 0x0, 0x8, 0xfc, 0xff, 0xff, 0xff, 0xff,
    0xff, 0xff, 0xff, 0xff, 0xff, 0xff, 0xff, 0x93,
    0x0, 0x0, 0x34, 0xff, 0xff, 0xf9, 0xd4, 0xd4,
    0xd4, 0xd4, 0xd4, 0xd4, 0xd4, 0xd4, 0xd4, 0x58,
    0x0, 0x0, 0x62, 0xff, 0xff, 0xbf, 0x0, 0x0,
    0x0, 0x0, 0x0, 0x0, 0x0, 0x0, 0x0, 0x0,
    0x0, 0x0, 0x90, 0xff, 0xff, 0x8f, 0x0, 0x0,
    0x0, 0x0, 0x0, 0x0, 0x0, 0x0, 0x0, 0x0,
    0x0, 0x0, 0xbf, 0xff, 0xff, 0x5f, 0x0, 0x0,
    0x0, 0x0, 0x0, 0x0, 0x0, 0x0, 0x0, 0x0,
    0x0, 0x0, 0xec, 0xff, 0xff, 0x2f, 0x0, 0x0,
    0x0, 0x0, 0x0, 0x0, 0x0, 0x0, 0x0, 0x0,
    0x0, 0x1b, 0xff, 0xff, 0xff, 0xff, 0xff, 0xff,
    0xff, 0xff, 0xff, 0xff, 0xff, 0xa0, 0x0, 0x0,
    0x0, 0x49, 0xff, 0xff, 0xff, 0xff, 0xff, 0xff,
    0xff, 0xff, 0xff, 0xff, 0xff, 0x73, 0x0, 0x0,
    0x0, 0x78, 0xff, 0xff, 0xee, 0xd8, 0xd8, 0xd8,
    0xd8, 0xd8, 0xd8, 0xd8, 0xd8, 0x3e, 0x0, 0x0,
    0x0, 0xa6, 0xff, 0xff, 0x76, 0x0, 0x0, 0x0,
    0x0, 0x0, 0x0, 0x0, 0x0, 0x0, 0x0, 0x0,
    0x0, 0xd4, 0xff, 0xff, 0x4a, 0x0, 0x0, 0x0,
    0x0, 0x0, 0x0, 0x0, 0x0, 0x0, 0x0, 0x0,
    0x6, 0xfb, 0xff, 0xff, 0x1e, 0x0, 0x0, 0x0,
    0x0, 0x0, 0x0, 0x0, 0x0, 0x0, 0x0, 0x0,
    0x30, 0xff, 0xff, 0xf0, 0x0, 0x0, 0x0, 0x0,
    0x0, 0x0, 0x0, 0x0, 0x0, 0x0, 0x0, 0x0,
    0x5f, 0xff, 0xff, 0xc5, 0x0, 0x0, 0x0, 0x0,
    0x0, 0x0, 0x0, 0x0, 0x0, 0x0, 0x0, 0x0,
    0x8d, 0xff, 0xff, 0xf1, 0xd4, 0xd4, 0xd4, 0xd4,
    0xd4, 0xd4, 0xd4, 0xd4, 0xd1, 0x6, 0x0, 0x0,
    0xbb, 0xff, 0xff, 0xff, 0xff, 0xff, 0xff, 0xff,
    0xff, 0xff, 0xff, 0xff, 0xdb, 0x0, 0x0, 0x0,
    0xe9, 0xff, 0xff, 0xff, 0xff, 0xff, 0xff, 0xff,
    0xff, 0xff, 0xff, 0xff, 0xae, 0x0, 0x0, 0x0,

    /* U+0046 "F" */
    0x0, 0x0, 0x0, 0xd8, 0xff, 0xff, 0xff, 0xff,
    0xff, 0xff, 0xff, 0xff, 0xff, 0xff, 0xff, 0x7c,
    0x0, 0x0, 0x8, 0xfc, 0xff, 0xff, 0xff, 0xff,
    0xff, 0xff, 0xff, 0xff, 0xff, 0xff, 0xff, 0x4f,
    0x0, 0x0, 0x34, 0xff, 0xff, 0xf9, 0xd4, 0xd4,
    0xd4, 0xd4, 0xd4, 0xd4, 0xd4, 0xd4, 0xd4, 0x1f,
    0x0, 0x0, 0x62, 0xff, 0xff, 0xbe, 0x0, 0x0,
    0x0, 0x0, 0x0, 0x0, 0x0, 0x0, 0x0, 0x0,
    0x0, 0x0, 0x90, 0xff, 0xff, 0x8c, 0x0, 0x0,
    0x0, 0x0, 0x0, 0x0, 0x0, 0x0, 0x0, 0x0,
    0x0, 0x0, 0xbf, 0xff, 0xff, 0x5a, 0x0, 0x0,
    0x0, 0x0, 0x0, 0x0, 0x0, 0x0, 0x0, 0x0,
    0x0, 0x0, 0xec, 0xff, 0xff, 0x29, 0x0, 0x0,
    0x0, 0x0, 0x0, 0x0, 0x0, 0x0, 0x0, 0x0,
    0x0, 0x1b, 0xff, 0xff, 0xff, 0xd6, 0xd4, 0xd4,
    0xd4, 0xd4, 0xd4, 0xd4, 0xd3, 0xa, 0x0, 0x0,
    0x0, 0x49, 0xff, 0xff, 0xff, 0xff, 0xff, 0xff,
    0xff, 0xff, 0xff, 0xff, 0xe0, 0x0, 0x0, 0x0,
    0x0, 0x78, 0xff, 0xff, 0xff, 0xff, 0xff, 0xff,
    0xff, 0xff, 0xff, 0xff, 0xb0, 0x0, 0x0, 0x0,
    0x0, 0xa6, 0xff, 0xff, 0x70, 0x0, 0x0, 0x0,
    0x0, 0x0, 0x0, 0x0, 0x0, 0x0, 0x0, 0x0,
    0x0, 0xd4, 0xff, 0xff, 0x43, 0x0, 0x0, 0x0,
    0x0, 0x0, 0x0, 0x0, 0x0, 0x0, 0x0, 0x0,
    0x6, 0xfb, 0xff, 0xff, 0x16, 0x0, 0x0, 0x0,
    0x0, 0x0, 0x0, 0x0, 0x0, 0x0, 0x0, 0x0,
    0x30, 0xff, 0xff, 0xea, 0x0, 0x0, 0x0, 0x0,
    0x0, 0x0, 0x0, 0x0, 0x0, 0x0, 0x0, 0x0,
    0x5f, 0xff, 0xff, 0xbc, 0x0, 0x0, 0x0, 0x0,
    0x0, 0x0, 0x0, 0x0, 0x0, 0x0, 0x0, 0x0,
    0x8d, 0xff, 0xff, 0x8f, 0x0, 0x0, 0x0, 0x0,
    0x0, 0x0, 0x0, 0x0, 0x0, 0x0, 0x0, 0x0,
    0xbb, 0xff, 0xff, 0x62, 0x0, 0x0, 0x0, 0x0,
    0x0, 0x0, 0x0, 0x0, 0x0, 0x0, 0x0, 0x0,
    0xe9, 0xff, 0xff, 0x36, 0x0, 0x0, 0x0, 0x0,
    0x0, 0x0, 0x0, 0x0, 0x0, 0x0, 0x0, 0x0,

    /* U+0047 "G" */
    0x0, 0x0, 0x0, 0x0, 0x74, 0xfd, 0xff, 0xff,
    0xff, 0xff, 0xff, 0xff, 0xff, 0xff, 0xdd, 0x13,
    0x0, 0x0, 0x0, 0x6, 0xa0, 0xff, 0xff, 0xff,
    0xff, 0xff, 0xff, 0xff, 0xff, 0xff, 0xff, 0xff,
    0xbe, 0x4, 0x0, 0x0, 0xa3, 0xff, 0xff, 0xff,
    0xd2, 0xbc, 0xbc, 0xbc, 0xbc, 0xbc, 0xbc, 0xfc,
    0xff, 0xff, 0x6c, 0x0, 0x0, 0xe2, 0xff, 0xff,
    0x93, 0x3, 0x0, 0x0, 0x0, 0x0, 0x0, 0x0,
    0x66, 0xff, 0x8e, 0x3, 0x0, 0x10, 0xff, 0xff,
    0xff, 0x13, 0x0, 0x0, 0x0, 0x0, 0x0, 0x0,
    0x0, 0x0, 0x30, 0x0, 0x0, 0x0, 0x3f, 0xff,
    0xff, 0xe5, 0x0, 0x0, 0x0, 0x0, 0x0, 0x0,
    0x0, 0x0, 0x0, 0x0, 0x0, 0x0, 0x0, 0x6e,
    0xff, 0xff, 0xb7, 0x0, 0x0, 0x0, 0x0, 0x0,
    0x0, 0x0, 0x0, 0x0, 0x0, 0x0, 0x0, 0x0,
    0x9c, 0xff, 0xff, 0x89, 0x0, 0x0, 0x0, 0x0,
    0x0, 0x0, 0x0, 0x0, 0x0, 0x0, 0x0, 0x0,
    0x0, 0xcb, 0xff, 0xff, 0x5a, 0x0, 0x0, 0x0,
    0x1e, 0xff, 0xff, 0xff, 0xff, 0xff, 0xff, 0xb0,
    0x0, 0x2, 0xf6, 0xff, 0xff, 0x2c, 0x0, 0x0,
    0x0, 0x4a, 0xff, 0xff, 0xff, 0xff, 0xff, 0xff,
    0x83, 0x0, 0x28, 0xff, 0xff, 0xf9, 0x5, 0x0,
    0x0, 0x0, 0x52, 0xbc, 0xbc, 0xbc, 0xd1, 0xff,
    0xff, 0x55, 0x0, 0x56, 0xff, 0xff, 0xd0, 0x0,
    0x0, 0x0, 0x0, 0x0, 0x0, 0x0, 0x0, 0x70,
    0xff, 0xff, 0x28, 0x0, 0x85, 0xff, 0xff, 0xa2,
    0x0, 0x0, 0x0, 0x0, 0x0, 0x0, 0x0, 0x6,
    0xba, 0xff, 0xf7, 0x3, 0x0, 0xb4, 0xff, 0xff,
    0x74, 0x0, 0x0, 0x0, 0x0, 0x0, 0x0, 0x20,
    0xcb, 0xff, 0xff, 0xcc, 0x0, 0x0, 0xe0, 0xff,
    0xff, 0x98, 0x0, 0x0, 0x0, 0x0, 0x0, 0x4e,
    0xee, 0xff, 0xff, 0xff, 0x9f, 0x0, 0x0, 0x73,
    0xff, 0xff, 0xff, 0xc3, 0xbc, 0xbc, 0xbc, 0xc2,
    0xff, 0xff, 0xff, 0xff, 0xff, 0x71, 0x0, 0x0,
    0x0, 0x9e, 0xff, 0xff, 0xff, 0xff, 0xff, 0xff,
    0xff, 0xff, 0xef, 0x9f, 0xff, 0xff, 0x44, 0x0,
    0x0, 0x0, 0x6, 0xc4, 0xff, 0xff, 0xff, 0xff,
    0xff, 0xff, 0xcf, 0x23, 0x81, 0xff, 0xff, 0x16,
    0x0, 0x0,

    /* U+0048 "H" */
    0x0, 0x0, 0x0, 0xd8, 0xff, 0xff, 0x47, 0x0,
    0x0, 0x0, 0x0, 0x0, 0x0, 0x0, 0xa5, 0xff,
    0xff, 0x7c, 0x0, 0x0, 0x8, 0xfc, 0xff, 0xff,
    0x18, 0x0, 0x0, 0x0, 0x0, 0x0, 0x0, 0x0,
    0xd5, 0xff, 0xff, 0x4e, 0x0, 0x0, 0x34, 0xff,
    0xff, 0xe9, 0x0, 0x0, 0x0, 0x0, 0x0, 0x0,
    0x0, 0x9, 0xfc, 0xff, 0xff, 0x20, 0x0, 0x0,
    0x62, 0xff, 0xff, 0xb9, 0x0, 0x0, 0x0, 0x0,
    0x0, 0x0, 0x0, 0x36, 0xff, 0xff, 0xf1, 0x0,
    0x0, 0x0, 0x90, 0xff, 0xff, 0x8a, 0x0, 0x0,
    0x0, 0x0, 0x0, 0x0, 0x0, 0x67, 0xff, 0xff,
    0xc3, 0x0, 0x0, 0x0, 0xbf, 0xff, 0xff, 0x5a,
    0x0, 0x0, 0x0, 0x0, 0x0, 0x0, 0x0, 0x97,
    0xff, 0xff, 0x95, 0x0, 0x0, 0x0, 0xec, 0xff,
    0xff, 0x2b, 0x0, 0x0, 0x0, 0x0, 0x0, 0x0,
    0x0, 0xc8, 0xff, 0xff, 0x67, 0x0, 0x0, 0x1b,
    0xff, 0xff, 0xff, 0xff, 0xff, 0xff, 0xff, 0xff,
    0xff, 0xff, 0xff, 0xff, 0xff, 0xff, 0x39, 0x0,
    0x0, 0x49, 0xff, 0xff, 0xff, 0xff, 0xff, 0xff,
    0xff, 0xff, 0xff, 0xff, 0xff, 0xff, 0xff, 0xfe,
    0xc, 0x0, 0x0, 0x78, 0xff, 0xff, 0xe2, 0xbc,
    0xbc, 0xbc, 0xbc, 0xbc, 0xbc, 0xbc, 0xd4, 0xff,
    0xff, 0xdc, 0x0, 0x0, 0x0, 0xa6, 0xff, 0xff,
    0x74, 0x0, 0x0, 0x0, 0x0, 0x0, 0x0, 0x0,
    0x7a, 0xff, 0xff, 0xae, 0x0, 0x0, 0x0, 0xd4,
    0xff, 0xff, 0x47, 0x0, 0x0, 0x0, 0x0, 0x0,
    0x0, 0x0, 0xa7, 0xff, 0xff, 0x80, 0x0, 0x0,
    0x6, 0xfb, 0xff, 0xff, 0x19, 0x0, 0x0, 0x0,
    0x0, 0x0, 0x0, 0x0, 0xd4, 0xff, 0xff, 0x52,
    0x0, 0x0, 0x30, 0xff, 0xff, 0xec, 0x0, 0x0,
    0x0, 0x0, 0x0, 0x0, 0x0, 0x6, 0xfb, 0xff,
    0xff, 0x23, 0x0, 0x0, 0x5f, 0xff, 0xff, 0xbe,
    0x0, 0x0, 0x0, 0x0, 0x0, 0x0, 0x0, 0x2e,
    0xff, 0xff, 0xf3, 0x1, 0x0, 0x0, 0x8d, 0xff,
    0xff, 0x91, 0x0, 0x0, 0x0, 0x0, 0x0, 0x0,
    0x0, 0x5b, 0xff, 0xff, 0xc7, 0x0, 0x0, 0x0,
    0xbb, 0xff, 0xff, 0x63, 0x0, 0x0, 0x0, 0x0,
    0x0, 0x0, 0x0, 0x88, 0xff, 0xff, 0x99, 0x0,
    0x0, 0x0, 0xe9, 0xff, 0xff, 0x36, 0x0, 0x0,
    0x0, 0x0, 0x0, 0x0, 0x0, 0xb5, 0xff, 0xff,
    0x6b, 0x0, 0x0, 0x0,

    /* U+0049 "I" */
    0x0, 0x0, 0x0, 0x57, 0xff, 0xff, 0xff, 0xff,
    0xff, 0xff, 0x88, 0x0, 0x0, 0x0, 0x84, 0xff,
    0xff, 0xff, 0xff, 0xff, 0xff, 0x5b, 0x0, 0x0,
    0x0, 0x8f, 0xd4, 0xfb, 0xff, 0xff, 0xde, 0xd4,
    0x29, 0x0, 0x0, 0x0, 0x0, 0x5, 0xfa, 0xff,
    0xff, 0x20, 0x0, 0x0, 0x0, 0x0, 0x0, 0x0,
    0x2e, 0xff, 0xff, 0xf0, 0x0, 0x0, 0x0, 0x0,
    0x0, 0x0, 0x0, 0x5d, 0xff, 0xff, 0xc2, 0x0,
    0x0, 0x0, 0x0, 0x0, 0x0, 0x0, 0x8c, 0xff,
    0xff, 0x94, 0x0, 0x0, 0x0, 0x0, 0x0, 0x0,
    0x0, 0xba, 0xff, 0xff, 0x65, 0x0, 0x0, 0x0,
    0x0, 0x0, 0x0, 0x0, 0xe9, 0xff, 0xff, 0x36,
    0x0, 0x0, 0x0, 0x0, 0x0, 0x0, 0x17, 0xff,
    0xff, 0xfd, 0xa, 0x0, 0x0, 0x0, 0x0, 0x0,
    0x0, 0x46, 0xff, 0xff, 0xd9, 0x0, 0x0, 0x0,
    0x0, 0x0, 0x0, 0x0, 0x75, 0xff, 0xff, 0xab,
    0x0, 0x0, 0x0, 0x0, 0x0, 0x0, 0x0, 0xa3,
    0xff, 0xff, 0x7c, 0x0, 0x0, 0x0, 0x0, 0x0,
    0x0, 0x0, 0xd2, 0xff, 0xff, 0x4d, 0x0, 0x0,
    0x0, 0x0, 0x0, 0x0, 0x6, 0xfa, 0xff, 0xff,
    0x1f, 0x0, 0x0, 0x0, 0x0, 0xf, 0xd4, 0xd8,
    0xff, 0xff, 0xff, 0xd4, 0xa9, 0x0, 0x0, 0x0,
    0x3c, 0xff, 0xff, 0xff, 0xff, 0xff, 0xff, 0xa3,
    0x0, 0x0, 0x0, 0x69, 0xff, 0xff, 0xff, 0xff,
    0xff, 0xff, 0x76, 0x0, 0x0, 0x0,

    /* U+004A "J" */
    0x0, 0x0, 0x0, 0x0, 0x0, 0x0, 0x0, 0x0,
    0x0, 0x0, 0x0, 0xa4, 0xff, 0xff, 0x7c, 0x0,
    0x0, 0x0, 0x0, 0x0, 0x0, 0x0, 0x0, 0x0,
    0x0, 0x0, 0xd2, 0xff, 0xff, 0x4e, 0x0, 0x0,
    0x0, 0x0, 0x0, 0x0, 0x0, 0x0, 0x0, 0x0,
    0x6, 0xfa, 0xff, 0xff, 0x20, 0x0, 0x0, 0x0,
    0x0, 0x0, 0x0, 0x0, 0x0, 0x0, 0x0, 0x2f,
    0xff, 0xff, 0xf1, 0x0, 0x0, 0x0, 0x0, 0x0,
    0x0, 0x0, 0x0, 0x0, 0x0, 0x0, 0x5e, 0xff,
    0xff, 0xc3, 0x0, 0x0, 0x0, 0x0, 0x0, 0x0,
    0x0, 0x0, 0x0, 0x0, 0x0, 0x8c, 0xff, 0xff,
    0x95, 0x0, 0x0, 0x0, 0x0, 0x0, 0x0, 0x0,
    0x0, 0x0, 0x0, 0x0, 0xbb, 0xff, 0xff, 0x67,
    0x0, 0x0, 0x0, 0x0, 0x0, 0x0, 0x0, 0x0,
    0x0, 0x0, 0x0, 0xe9, 0xff, 0xff, 0x39, 0x0,
    0x0, 0x0, 0x0, 0x0, 0x0, 0x0, 0x0, 0x0,
    0x0, 0x18, 0xff, 0xff, 0xfe, 0xc, 0x0, 0x0,
    0x0, 0x0, 0x0, 0x0, 0x0, 0x0, 0x0, 0x0,
    0x46, 0xff, 0xff, 0xdc, 0x0, 0x0, 0x0, 0x0,
    0x0, 0x0, 0x0, 0x0, 0x0, 0x0, 0x0, 0x75,
    0xff, 0xff, 0xae, 0x0, 0x0, 0x36, 0xe8, 0xe8,
    0xd5, 0x0, 0x0, 0x0, 0x0, 0x0, 0xa3, 0xff,
    0xff, 0x80, 0x0, 0x0, 0x68, 0xff, 0xff, 0xbf,
    0x0, 0x0, 0x0, 0x0, 0x0, 0xd2, 0xff, 0xff,
    0x51, 0x0, 0x0, 0x95, 0xff, 0xff, 0x92, 0x0,
    0x0, 0x0, 0x0, 0x6, 0xfa, 0xff, 0xff, 0x23,
    0x0, 0x0, 0xc0, 0xff, 0xff, 0xb8, 0x2, 0x0,
    0x0, 0x1, 0x83, 0xff, 0xff, 0xf3, 0x1, 0x0,
    0x0, 0x57, 0xfe, 0xff, 0xff, 0xcb, 0xbc, 0xbc,
    0xcd, 0xff, 0xff, 0xff, 0xb7, 0x0, 0x0, 0x0,
    0x0, 0x80, 0xff, 0xff, 0xff, 0xff, 0xff, 0xff,
    0xff, 0xff, 0xb1, 0xc, 0x0, 0x0, 0x0, 0x0,
    0x1, 0xa9, 0xff, 0xff, 0xff, 0xff, 0xff, 0xff,
    0x8b, 0x2, 0x0, 0x0, 0x0, 0x0,

    /* U+004B "K" */
    0x0, 0x0, 0x0, 0xd8, 0xff, 0xff, 0x48, 0x0,
    0x0, 0x0, 0x0, 0x0, 0x0, 0x32, 0xea, 0xff,
    0xff, 0xd3, 0x18, 0x0, 0x0, 0x8, 0xfc, 0xff,
    0xff, 0x1b, 0x0, 0x0, 0x0, 0x0, 0x0, 0x3f,
    0xf1, 0xff, 0xff, 0xc9, 0x12, 0x0, 0x0, 0x0,
    0x34, 0xff, 0xff, 0xed, 0x0, 0x0, 0x0, 0x0,
    0x0, 0x4c, 0xf7, 0xff, 0xff, 0xbf, 0xd, 0x0,
    0x0, 0x0, 0x0, 0x62, 0xff, 0xff, 0xc0, 0x0,
    0x0, 0x0, 0x0, 0x5b, 0xfb, 0xff, 0xff, 0xb3,
    0x8, 0x0, 0x0, 0x0, 0x0, 0x0, 0x90, 0xff,
    0xff, 0x93, 0x0, 0x0, 0x0, 0x6b, 0xfe, 0xff,
    0xff, 0xa7, 0x5, 0x0, 0x0, 0x0, 0x0, 0x0,
    0x0, 0xbf, 0xff, 0xff, 0x65, 0x0, 0x0, 0x7d,
    0xff, 0xff, 0xff, 0x9a, 0x2, 0x0, 0x0, 0x0,
    0x0, 0x0, 0x0, 0x0, 0xec, 0xff, 0xff, 0x38,
    0x1, 0x8f, 0xff, 0xff, 0xff, 0x8c, 0x0, 0x0,
    0x0, 0x0, 0x0, 0x0, 0x0, 0x0, 0x1b, 0xff,
    0xff, 0xfe, 0xf, 0xa0, 0xff, 0xff, 0xff, 0x7e,
    0x0, 0x0, 0x0, 0x0, 0x0, 0x0, 0x0, 0x0,
    0x0, 0x49, 0xff, 0xff, 0xe4, 0xaf, 0xff, 0xff,
    0xff, 0xf6, 0x13, 0x0, 0x0, 0x0, 0x0, 0x0,
    0x0, 0x0, 0x0, 0x0, 0x78, 0xff, 0xff, 0xff,
    0xff, 0xff, 0xff, 0xff, 0xff, 0x82, 0x0, 0x0,
    0x0, 0x0, 0x0, 0x0, 0x0, 0x0, 0x0, 0xa6,
    0xff, 0xff, 0xff, 0xff, 0xf9, 0xba, 0xff, 0xff,
    0xee, 0xd, 0x0, 0x0, 0x0, 0x0, 0x0, 0x0,
    0x0, 0x0, 0xd4, 0xff, 0xff, 0xff, 0xf5, 0x46,
    0x15, 0xf6, 0xff, 0xff, 0x77, 0x0, 0x0, 0x0,
    0x0, 0x0, 0x0, 0x0, 0x6, 0xfb, 0xff, 0xff,
    0xf1, 0x3c, 0x0, 0x0, 0x92, 0xff, 0xff, 0xe8,
    0x8, 0x0, 0x0, 0x0, 0x0, 0x0, 0x0, 0x30,
    0xff, 0xff, 0xf5, 0x33, 0x0, 0x0, 0x0, 0x1d,
    0xfa, 0xff, 0xff, 0x6c, 0x0, 0x0, 0x0, 0x0,
    0x0, 0x0, 0x5f, 0xff, 0xff, 0xc2, 0x0, 0x0,
    0x0, 0x0, 0x0, 0x9e, 0xff, 0xff, 0xe1, 0x5,
    0x0, 0x0, 0x0, 0x0, 0x0, 0x8d, 0xff, 0xff,
    0x94, 0x0, 0x0, 0x0, 0x0, 0x0, 0x27, 0xfd,
    0xff, 0xff, 0x61, 0x0, 0x0, 0x0, 0x0, 0x0,
    0xbb, 0xff, 0xff, 0x65, 0x0, 0x0, 0x0, 0x0,
    0x0, 0x0, 0xab, 0xff, 0xff, 0xd9, 0x2, 0x0,
    0x0, 0x0, 0x0, 0xe9, 0xff, 0xff, 0x37, 0x0,
    0x0, 0x0, 0x0, 0x0, 0x0, 0x31, 0xff, 0xff,
    0xff, 0x56, 0x0, 0x0, 0x0, 0x0,

    /* U+004C "L" */
    0x0, 0x0, 0x0, 0xd8, 0xff, 0xff, 0x48, 0x0,
    0x0, 0x0, 0x0, 0x0, 0x0, 0x0, 0x0, 0x8,
    0xfc, 0xff, 0xff, 0x1b, 0x0, 0x0, 0x0, 0x0,
    0x0, 0x0, 0x0, 0x0, 0x34, 0xff, 0xff, 0xec,
    0x0, 0x0, 0x0, 0x0, 0x0, 0x0, 0x0, 0x0,
    0x0, 0x62, 0xff, 0xff, 0xbf, 0x0, 0x0, 0x0,
    0x0, 0x0, 0x0, 0x0, 0x0, 0x0, 0x90, 0xff,
    0xff, 0x91, 0x0, 0x0, 0x0, 0x0, 0x0, 0x0,
    0x0, 0x0, 0x0, 0xbf, 0xff, 0xff, 0x63, 0x0,
    0x0, 0x0, 0x0, 0x0, 0x0, 0x0, 0x0, 0x0,
    0xec, 0xff, 0xff, 0x35, 0x0, 0x0, 0x0, 0x0,
    0x0, 0x0, 0x0, 0x0, 0x1b, 0xff, 0xff, 0xfd,
    0xa, 0x0, 0x0, 0x0, 0x0, 0x0, 0x0, 0x0,
    0x0, 0x49, 0xff, 0xff, 0xda, 0x0, 0x0, 0x0,
    0x0, 0x0, 0x0, 0x0, 0x0, 0x0, 0x78, 0xff,
    0xff, 0xac, 0x0, 0x0, 0x0, 0x0, 0x0, 0x0,
    0x0, 0x0, 0x0, 0xa6, 0xff, 0xff, 0x7e, 0x0,
    0x0, 0x0, 0x0, 0x0, 0x0, 0x0, 0x0, 0x0,
    0xd4, 0xff, 0xff, 0x50, 0x0, 0x0, 0x0, 0x0,
    0x0, 0x0, 0x0, 0x0, 0x6, 0xfb, 0xff, 0xff,
    0x22, 0x0, 0x0, 0x0, 0x0, 0x0, 0x0, 0x0,
    0x0, 0x30, 0xff, 0xff, 0xf2, 0x1, 0x0, 0x0,
    0x0, 0x0, 0x0, 0x0, 0x0, 0x0, 0x5f, 0xff,
    0xff, 0xc6, 0x0, 0x0, 0x0, 0x0, 0x0, 0x0,
    0x0, 0x0, 0x0, 0x8d, 0xff, 0xff, 0xf1, 0xd4,
    0xd4, 0xd4, 0xd4, 0xd4, 0xd4, 0xd4, 0xd4, 0x64,
    0xbb, 0xff, 0xff, 0xff, 0xff, 0xff, 0xff, 0xff,
    0xff, 0xff, 0xff, 0xff, 0x4f, 0xe9, 0xff, 0xff,
    0xff, 0xff, 0xff, 0xff, 0xff, 0xff, 0xff, 0xff,
    0xff, 0x22,

    /* U+004D "M" */
    0x0, 0x0, 0x0, 0xd8, 0xff, 0xff, 0xff, 0x28,
    0x0, 0x0, 0x0, 0x0, 0x0, 0x0, 0x0, 0x0,
    0x0, 0xbe, 0xff, 0xff, 0xff, 0xa0, 0x0, 0x0,
    0x8, 0xfc, 0xff, 0xff, 0xff, 0x62, 0x0, 0x0,
    0x0, 0x0, 0x0, 0x0, 0x0, 0x0, 0x54, 0xff,
    0xff, 0xff, 0xff, 0x72, 0x0, 0x0, 0x34, 0xff,
    0xff, 0xff, 0xff, 0x9b, 0x0, 0x0, 0x0, 0x0,
    0x0, 0x0, 0x0, 0x8, 0xe0, 0xff, 0xff, 0xff,
    0xff, 0x44, 0x0, 0x0, 0x62, 0xff, 0xff, 0xff,
    0xff, 0xd5, 0x0, 0x0, 0x0, 0x0, 0x0, 0x0,
    0x0, 0x7e, 0xff, 0xff, 0xff, 0xff, 0xff, 0x16,
    0x0, 0x0, 0x90, 0xff, 0xff, 0xff, 0xff, 0xfe,
    0x10, 0x0, 0x0, 0x0, 0x0, 0x0, 0x1d, 0xf5,
    0xff, 0xff, 0xff, 0xff, 0xe7, 0x0, 0x0, 0x0,
    0xbf, 0xff, 0xff, 0xee, 0xff, 0xff, 0x48, 0x0,
    0x0, 0x0, 0x0, 0x0, 0xa9, 0xff, 0xff, 0xee,
    0xff, 0xff, 0xb9, 0x0, 0x0, 0x0, 0xec, 0xff,
    0xff, 0x8d, 0xff, 0xff, 0x81, 0x0, 0x0, 0x0,
    0x0, 0x3e, 0xff, 0xff, 0xea, 0xa3, 0xff, 0xff,
    0x8b, 0x0, 0x0, 0x1b, 0xff, 0xff, 0xfd, 0x25,
    0xff, 0xff, 0xbb, 0x0, 0x0, 0x0, 0x2, 0xd0,
    0xff, 0xff, 0x62, 0xc1, 0xff, 0xff, 0x5d, 0x0,
    0x0, 0x49, 0xff, 0xff, 0xd8, 0x0, 0xe0, 0xff,
    0xf2, 0x2, 0x0, 0x0, 0x69, 0xff, 0xff, 0xc8,
    0x2, 0xee, 0xff, 0xff, 0x2e, 0x0, 0x0, 0x78,
    0xff, 0xff, 0xaa, 0x0, 0xa5, 0xff, 0xff, 0x2e,
    0x0, 0x11, 0xec, 0xff, 0xfd, 0x33, 0x1e, 0xff,
    0xff, 0xfa, 0x5, 0x0, 0x0, 0xa6, 0xff, 0xff,
    0x7c, 0x0, 0x69, 0xff, 0xff, 0x67, 0x0, 0x93,
    0xff, 0xff, 0x98, 0x0, 0x4c, 0xff, 0xff, 0xd2,
    0x0, 0x0, 0x0, 0xd4, 0xff, 0xff, 0x4d, 0x0,
    0x2d, 0xff, 0xff, 0xa1, 0x2c, 0xfc, 0xff, 0xec,
    0x13, 0x0, 0x7a, 0xff, 0xff, 0xa4, 0x0, 0x0,
    0x6, 0xfb, 0xff, 0xff, 0x1f, 0x0, 0x1, 0xef,
    0xff, 0xdb, 0xbd, 0xff, 0xff, 0x67, 0x0, 0x0,
    0xa9, 0xff, 0xff, 0x76, 0x0, 0x0, 0x30, 0xff,
    0xff, 0xef, 0x0, 0x0, 0x0, 0xb5, 0xff, 0xff,
    0xff, 0xff, 0xcc, 0x2, 0x0, 0x0, 0xd7, 0xff,
    0xff, 0x47, 0x0, 0x0, 0x5f, 0xff, 0xff, 0xc2,
    0x0, 0x0, 0x0, 0x7a, 0xff, 0xff, 0xff, 0xfe,
    0x37, 0x0, 0x0, 0x8, 0xfc, 0xff, 0xff, 0x19,
    0x0, 0x0, 0x8d, 0xff, 0xff, 0x93, 0x0, 0x0,
    0x0, 0x3e, 0xff, 0xff, 0xff, 0x9d, 0x0, 0x0,
    0x0, 0x34, 0xff, 0xff, 0xeb, 0x0, 0x0, 0x0,
    0xbb, 0xff, 0xff, 0x65, 0x0, 0x0, 0x0, 0x8,
    0xf9, 0xff, 0xef, 0x15, 0x0, 0x0, 0x0, 0x63,
    0xff, 0xff, 0xbd, 0x0, 0x0, 0x0, 0xe9, 0xff,
    0xff, 0x37, 0x0, 0x0, 0x0, 0x0, 0xc6, 0xff,
    0x6c, 0x0, 0x0, 0x0, 0x0, 0x91, 0xff, 0xff,
    0x8f, 0x0, 0x0, 0x0,

    /* U+004E "N" */
    0x0, 0x0, 0x0, 0xd8, 0xff, 0xff, 0xff, 0x3a,
    0x0, 0x0, 0x0, 0x0, 0x0, 0x0, 0x83, 0xff,
    0xff, 0x9c, 0x0, 0x0, 0x8, 0xfc, 0xff, 0xff,
    0xff, 0xa1, 0x0, 0x0, 0x0, 0x0, 0x0, 0x0,
    0xb1, 0xff, 0xff, 0x6e, 0x0, 0x0, 0x34, 0xff,
    0xff, 0xff, 0xff, 0xf7, 0x11, 0x0, 0x0, 0x0,
    0x0, 0x0, 0xdf, 0xff, 0xff, 0x40, 0x0, 0x0,
    0x62, 0xff, 0xff, 0xff, 0xff, 0xff, 0x6f, 0x0,
    0x0, 0x0, 0x0, 0xd, 0xfe, 0xff, 0xff, 0x12,
    0x0, 0x0, 0x90, 0xff, 0xff, 0xff, 0xff, 0xff,
    0xd6, 0x0, 0x0, 0x0, 0x0, 0x3b, 0xff, 0xff,
    0xe4, 0x0, 0x0, 0x0, 0xbf, 0xff, 0xff, 0xb0,
    0xf3, 0xff, 0xff, 0x3d, 0x0, 0x0, 0x0, 0x69,
    0xff, 0xff, 0xb6, 0x0, 0x0, 0x0, 0xec, 0xff,
    0xff, 0x39, 0x9a, 0xff, 0xff, 0xa4, 0x0, 0x0,
    0x0, 0x97, 0xff, 0xff, 0x88, 0x0, 0x0, 0x1b,
    0xff, 0xff, 0xfe, 0xc, 0x33, 0xff, 0xff, 0xf8,
    0x13, 0x0, 0x0, 0xc5, 0xff, 0xff, 0x5a, 0x0,
    0x0, 0x49, 0xff, 0xff, 0xdc, 0x0, 0x0, 0xcb,
    0xff, 0xff, 0x72, 0x0, 0x0, 0xf1, 0xff, 0xff,
    0x2c, 0x0, 0x0, 0x78, 0xff, 0xff, 0xad, 0x0,
    0x0, 0x64, 0xff, 0xff, 0xd8, 0x0, 0x21, 0xff,
    0xff, 0xf9, 0x5, 0x0, 0x0, 0xa6, 0xff, 0xff,
    0x7e, 0x0, 0x0, 0xb, 0xf1, 0xff, 0xff, 0x3f,
    0x4e, 0xff, 0xff, 0xd0, 0x0, 0x0, 0x0, 0xd4,
    0xff, 0xff, 0x4f, 0x0, 0x0, 0x0, 0x95, 0xff,
    0xff, 0xa6, 0x7c, 0xff, 0xff, 0xa2, 0x0, 0x0,
    0x6, 0xfb, 0xff, 0xff, 0x20, 0x0, 0x0, 0x0,
    0x2d, 0xff, 0xff, 0xf9, 0xbe, 0xff, 0xff, 0x74,
    0x0, 0x0, 0x30, 0xff, 0xff, 0xf1, 0x0, 0x0,
    0x0, 0x0, 0x0, 0xc6, 0xff, 0xff, 0xff, 0xff,
    0xff, 0x46, 0x0, 0x0, 0x5f, 0xff, 0xff, 0xc3,
    0x0, 0x0, 0x0, 0x0, 0x0, 0x5e, 0xff, 0xff,
    0xff, 0xff, 0xff, 0x18, 0x0, 0x0, 0x8d, 0xff,
    0xff, 0x94, 0x0, 0x0, 0x0, 0x0, 0x0, 0x8,
    0xee, 0xff, 0xff, 0xff, 0xea, 0x0, 0x0, 0x0,
    0xbb, 0xff, 0xff, 0x65, 0x0, 0x0, 0x0, 0x0,
    0x0, 0x0, 0x8f, 0xff, 0xff, 0xff, 0xbc, 0x0,
    0x0, 0x0, 0xe9, 0xff, 0xff, 0x37, 0x0, 0x0,
    0x0, 0x0, 0x0, 0x0, 0x28, 0xff, 0xff, 0xff,
    0x8e, 0x0, 0x0, 0x0,

    /* U+004F "O" */
    0x0, 0x0, 0x0, 0x0, 0x74, 0xfd, 0xff, 0xff,
    0xff, 0xff, 0xff, 0xff, 0xff, 0xff, 0x9d, 0x0,
    0x0, 0x0, 0x0, 0x6, 0xa0, 0xff, 0xff, 0xff,
    0xff, 0xff, 0xff, 0xff, 0xff, 0xff, 0xff, 0xff,
    0x73, 0x0, 0x0, 0x0, 0xa3, 0xff, 0xff, 0xff,
    0xd2, 0xbc, 0xbc, 0xbc, 0xbc, 0xbc, 0xd0, 0xff,
    0xff, 0xfd, 0x4b, 0x0, 0x0, 0xe2, 0xff, 0xff,
    0x93, 0x3, 0x0, 0x0, 0x0, 0x0, 0x0, 0x4,
    0xc1, 0xff, 0xff, 0xb3, 0x0, 0x10, 0xff, 0xff,
    0xff, 0x13, 0x0, 0x0, 0x0, 0x0, 0x0, 0x0,
    0x0, 0xa1, 0xff, 0xff, 0x86, 0x0, 0x3f, 0xff,
    0xff, 0xe5, 0x0, 0x0, 0x0, 0x0, 0x0, 0x0,
    0x0, 0x0, 0xcf, 0xff, 0xff, 0x57, 0x0, 0x6d,
    0xff, 0xff, 0xb7, 0x0, 0x0, 0x0, 0x0, 0x0,
    0x0, 0x0, 0x4, 0xf8, 0xff, 0xff, 0x29, 0x0,
    0x9c, 0xff, 0xff, 0x89, 0x0, 0x0, 0x0, 0x0,
    0x0, 0x0, 0x0, 0x2b, 0xff, 0xff, 0xf7, 0x3,
    0x0, 0xca, 0xff, 0xff, 0x5a, 0x0, 0x0, 0x0,
    0x0, 0x0, 0x0, 0x0, 0x59, 0xff, 0xff, 0xcc,
    0x0, 0x2, 0xf6, 0xff, 0xff, 0x2c, 0x0, 0x0,
    0x0, 0x0, 0x0, 0x0, 0x0, 0x88, 0xff, 0xff,
    0x9d, 0x0, 0x27, 0xff, 0xff, 0xf9, 0x5, 0x0,
    0x0, 0x0, 0x0, 0x0, 0x0, 0x0, 0xb6, 0xff,
    0xff, 0x6f, 0x0, 0x56, 0xff, 0xff, 0xd0, 0x0,
    0x0, 0x0, 0x0, 0x0, 0x0, 0x0, 0x0, 0xe4,
    0xff, 0xff, 0x40, 0x0, 0x84, 0xff, 0xff, 0xa2,
    0x0, 0x0, 0x0, 0x0, 0x0, 0x0, 0x0, 0x11,
    0xff, 0xff, 0xff, 0x12, 0x0, 0xb3, 0xff, 0xff,
    0x74, 0x0, 0x0, 0x0, 0x0, 0x0, 0x0, 0x0,
    0x40, 0xff, 0xff, 0xe3, 0x0, 0x0, 0xe0, 0xff,
    0xff, 0x98, 0x0, 0x0, 0x0, 0x0, 0x0, 0x0,
    0xc, 0xb5, 0xff, 0xff, 0xb5, 0x0, 0x0, 0x76,
    0xff, 0xff, 0xff, 0xc3, 0xbc, 0xbc, 0xbc, 0xbc,
    0xbc, 0xde, 0xff, 0xff, 0xff, 0x77, 0x0, 0x0,
    0x0, 0xa0, 0xff, 0xff, 0xff, 0xff, 0xff, 0xff,
    0xff, 0xff, 0xff, 0xff, 0xfe, 0x7d, 0x0, 0x0,
    0x0, 0x0, 0x6, 0xc4, 0xff, 0xff, 0xff, 0xff,
    0xff, 0xff, 0xff, 0xff, 0xf4, 0x51, 0x0, 0x0,
    0x0, 0x0,

    /* U+0050 "P" */
    0x0, 0x0, 0x0, 0xd8, 0xff, 0xff, 0xff, 0xff,
    0xff, 0xff, 0xff, 0xff, 0xff, 0xaf, 0x1, 0x0,
    0x0, 0x0, 0x8, 0xfc, 0xff, 0xff, 0xff, 0xff,
    0xff, 0xff, 0xff, 0xff, 0xff, 0xff, 0x86, 0x0,
    0x0, 0x0, 0x34, 0xff, 0xff, 0xf7, 0xbc, 0xbc,
    0xbc, 0xbc, 0xbc, 0xca, 0xff, 0xff, 0xff, 0x5a,
    0x0, 0x0, 0x62, 0xff, 0xff, 0xc3, 0x0, 0x0,
    0x0, 0x0, 0x0, 0x1, 0xaf, 0xff, 0xff, 0xc4,
    0x0, 0x0, 0x90, 0xff, 0xff, 0x94, 0x0, 0x0,
    0x0, 0x0, 0x0, 0x0, 0x8e, 0xff, 0xff, 0x96,
    0x0, 0x0, 0xbf, 0xff, 0xff, 0x64, 0x0, 0x0,
    0x0, 0x0, 0x0, 0x0, 0xbc, 0xff, 0xff, 0x68,
    0x0, 0x0, 0xec, 0xff, 0xff, 0x35, 0x0, 0x0,
    0x0, 0x0, 0x0, 0x0, 0xe9, 0xff, 0xff, 0x3a,
    0x0, 0x1b, 0xff, 0xff, 0xfd, 0x9, 0x0, 0x0,
    0x0, 0x0, 0x0, 0x17, 0xff, 0xff, 0xfe, 0xd,
    0x0, 0x49, 0xff, 0xff, 0xd7, 0x0, 0x0, 0x0,
    0x0, 0x0, 0x16, 0xc2, 0xff, 0xff, 0xdd, 0x0,
    0x0, 0x78, 0xff, 0xff, 0xff, 0xff, 0xff, 0xff,
    0xff, 0xff, 0xff, 0xff, 0xff, 0xff, 0x81, 0x0,
    0x0, 0xa6, 0xff, 0xff, 0xff, 0xff, 0xff, 0xff,
    0xff, 0xff, 0xff, 0xff, 0xfa, 0x65, 0x0, 0x0,
    0x0, 0xd4, 0xff, 0xff, 0xcb, 0xbc, 0xbc, 0xbc,
    0xbc, 0xbc, 0xbc, 0xba, 0x3e, 0x0, 0x0, 0x0,
    0x6, 0xfb, 0xff, 0xff, 0x1c, 0x0, 0x0, 0x0,
    0x0, 0x0, 0x0, 0x0, 0x0, 0x0, 0x0, 0x0,
    0x30, 0xff, 0xff, 0xee, 0x0, 0x0, 0x0, 0x0,
    0x0, 0x0, 0x0, 0x0, 0x0, 0x0, 0x0, 0x0,
    0x5f, 0xff, 0xff, 0xc0, 0x0, 0x0, 0x0, 0x0,
    0x0, 0x0, 0x0, 0x0, 0x0, 0x0, 0x0, 0x0,
    0x8d, 0xff, 0xff, 0x92, 0x0, 0x0, 0x0, 0x0,
    0x0, 0x0, 0x0, 0x0, 0x0, 0x0, 0x0, 0x0,
    0xbb, 0xff, 0xff, 0x64, 0x0, 0x0, 0x0, 0x0,
    0x0, 0x0, 0x0, 0x0, 0x0, 0x0, 0x0, 0x0,
    0xe9, 0xff, 0xff, 0x36, 0x0, 0x0, 0x0, 0x0,
    0x0, 0x0, 0x0, 0x0, 0x0, 0x0, 0x0, 0x0,

    /* U+0051 "Q" */
    0x0, 0x0, 0x0, 0x0, 0x74, 0xfd, 0xff, 0xff,
    0xff, 0xff, 0xff, 0xff, 0xff, 0xff, 0x9d, 0x0,
    0x0, 0x0, 0x0, 0x6, 0xa0, 0xff, 0xff, 0xff,
    0xff, 0xff, 0xff, 0xff, 0xff, 0xff, 0xff, 0xff,
    0x73, 0x0, 0x0, 0x0, 0xa3, 0xff, 0xff, 0xff,
    0xd2, 0xbc, 0xbc, 0xbc, 0xbc, 0xbc, 0xd0, 0xff,
    0xff, 0xfd, 0x4b, 0x0, 0x0, 0xe2, 0xff, 0xff,
    0x93, 0x3, 0x0, 0x0, 0x0, 0x0, 0x0, 0x4,
    0xc1, 0xff, 0xff, 0xb3, 0x0, 0x10, 0xff, 0xff,
    0xff, 0x13, 0x0, 0x0, 0x0, 0x0, 0x0, 0x0,
    0x0, 0xa1, 0xff, 0xff, 0x86, 0x0, 0x3f, 0xff,
    0xff, 0xe5, 0x0, 0x0, 0x0, 0x0, 0x0, 0x0,
    0x0, 0x0, 0xcf, 0xff, 0xff, 0x57, 0x0, 0x6d,
    0xff, 0xff, 0xb7, 0x0, 0x0, 0x0, 0x0, 0x0,
    0x0, 0x0, 0x4, 0xf8, 0xff, 0xff, 0x29, 0x0,
    0x9c, 0xff, 0xff, 0x89, 0x0, 0x0, 0x0, 0x0,
    0x0, 0x0, 0x0, 0x2b, 0xff, 0xff, 0xf7, 0x3,
    0x0, 0xca, 0xff, 0xff, 0x5a, 0x0, 0x0, 0x0,
    0x0, 0x0, 0x0, 0x0, 0x59, 0xff, 0xff, 0xcc,
    0x0, 0x2, 0xf6, 0xff, 0xff, 0x2c, 0x0, 0x0,
    0x0, 0x0, 0x0, 0x0, 0x0, 0x88, 0xff, 0xff,
    0x9d, 0x0, 0x27, 0xff, 0xff, 0xf9, 0x5, 0x0,
    0x0, 0x0, 0x0, 0x0, 0x0, 0x0, 0xb6, 0xff,
    0xff, 0x6f, 0x0, 0x56, 0xff, 0xff, 0xd0, 0x0,
    0x0, 0x0, 0x0, 0x0, 0x0, 0x0, 0x0, 0xe4,
    0xff, 0xff, 0x40, 0x0, 0x84, 0xff, 0xff, 0xa2,
    0x0, 0x0, 0x15, 0x20, 0x20, 0x2, 0x0, 0x11,
    0xff, 0xff, 0xff, 0x12, 0x0, 0xb3, 0xff, 0xff,
    0x74, 0x0, 0x0, 0xc5, 0xff, 0xf5, 0x2, 0x0,
    0x40, 0xff, 0xff, 0xe3, 0x0, 0x0, 0xe0, 0xff,
    0xff, 0x98, 0x0, 0x1, 0xf2, 0xff, 0xca, 0x0,
    0xc, 0xb5, 0xff, 0xff, 0xb5, 0x0, 0x0, 0x76,
    0xff, 0xff, 0xff, 0xc3, 0xc0, 0xff, 0xff, 0xea,
    0xbc, 0xde, 0xff, 0xff, 0xff, 0x77, 0x0, 0x0,
    0x0, 0xa0, 0xff, 0xff, 0xff, 0xff, 0xff, 0xff,
    0xff, 0xff, 0xff, 0xff, 0xfe, 0x7d, 0x0, 0x0,
    0x0, 0x0, 0x6, 0xc4, 0xff, 0xff, 0xff, 0xff,
    0xff, 0xff, 0xff, 0xff, 0xf4, 0x51, 0x0, 0x0,
    0x0, 0x0, 0x0, 0x0, 0x0, 0x0, 0x0, 0xae,
    0xff, 0xff, 0x10, 0x0, 0x0, 0x0, 0x0, 0x0,
    0x0, 0x0, 0x0, 0x0, 0x0, 0x0, 0x0, 0x0,
    0xdf, 0xff, 0xdf, 0x0, 0x0, 0x0, 0x0, 0x0,
    0x0, 0x0, 0x0, 0x0,

    /* U+0052 "R" */
    0x0, 0x0, 0x0, 0xd8, 0xff, 0xff, 0xff, 0xff,
    0xff, 0xff, 0xff, 0xff, 0xff, 0xea, 0x20, 0x0,
    0x0, 0x0, 0x0, 0x8, 0xfc, 0xff, 0xff, 0xff,
    0xff, 0xff, 0xff, 0xff, 0xff, 0xff, 0xff, 0xd3,
    0xd, 0x0, 0x0, 0x0, 0x34, 0xff, 0xff, 0xf7,
    0xbc, 0xbc, 0xbc, 0xbc, 0xbc, 0xbc, 0xf5, 0xff,
    0xff, 0xb4, 0x2, 0x0, 0x0, 0x62, 0xff, 0xff,
    0xc1, 0x0, 0x0, 0x0, 0x0, 0x0, 0x0, 0x51,
    0xff, 0xff, 0xff, 0x1e, 0x0, 0x0, 0x90, 0xff,
    0xff, 0x8f, 0x0, 0x0, 0x0, 0x0, 0x0, 0x0,
    0x3a, 0xff, 0xff, 0xee, 0x0, 0x0, 0x0, 0xbf,
    0xff, 0xff, 0x5d, 0x0, 0x0, 0x0, 0x0, 0x0,
    0x0, 0x6a, 0xff, 0xff, 0xbe, 0x0, 0x0, 0x0,
    0xec, 0xff, 0xff, 0x2c, 0x0, 0x0, 0x0, 0x0,
    0x0, 0x0, 0x9b, 0xff, 0xff, 0x8d, 0x0, 0x0,
    0x1b, 0xff, 0xff, 0xf6, 0x3, 0x0, 0x0, 0x0,
    0x0, 0x0, 0x2f, 0xe6, 0xff, 0xff, 0x5d, 0x0,
    0x0, 0x49, 0xff, 0xff, 0xf6, 0xbc, 0xbc, 0xbc,
    0xbc, 0xbc, 0xbc, 0xf7, 0xff, 0xff, 0xec, 0x20,
    0x0, 0x0, 0x78, 0xff, 0xff, 0xff, 0xff, 0xff,
    0xff, 0xff, 0xff, 0xff, 0xff, 0xff, 0xcf, 0x20,
    0x0, 0x0, 0x0, 0xa6, 0xff, 0xff, 0xff, 0xff,
    0xff, 0xff, 0xff, 0xff, 0xff, 0xff, 0xa9, 0x9,
    0x0, 0x0, 0x0, 0x0, 0xd4, 0xff, 0xff, 0x3d,
    0x0, 0x0, 0x0, 0xd, 0xfc, 0xff, 0xff, 0x6b,
    0x0, 0x0, 0x0, 0x0, 0x6, 0xfb, 0xff, 0xff,
    0x11, 0x0, 0x0, 0x0, 0x0, 0xcb, 0xff, 0xff,
    0xad, 0x0, 0x0, 0x0, 0x0, 0x30, 0xff, 0xff,
    0xe5, 0x0, 0x0, 0x0, 0x0, 0x0, 0x8d, 0xff,
    0xff, 0xed, 0x1, 0x0, 0x0, 0x0, 0x5f, 0xff,
    0xff, 0xb9, 0x0, 0x0, 0x0, 0x0, 0x0, 0x4e,
    0xff, 0xff, 0xff, 0x31, 0x0, 0x0, 0x0, 0x8d,
    0xff, 0xff, 0x8d, 0x0, 0x0, 0x0, 0x0, 0x0,
    0x11, 0xfe, 0xff, 0xff, 0x73, 0x0, 0x0, 0x0,
    0xbb, 0xff, 0xff, 0x61, 0x0, 0x0, 0x0, 0x0,
    0x0, 0x0, 0xd2, 0xff, 0xff, 0xb5, 0x0, 0x0,
    0x0, 0xe9, 0xff, 0xff, 0x35, 0x0, 0x0, 0x0,
    0x0, 0x0, 0x0, 0x93, 0xff, 0xff, 0xf2, 0x4,
    0x0, 0x0,

    /* U+0053 "S" */
    0x0, 0x0, 0x0, 0x0, 0xc, 0xaf, 0xff, 0xff,
    0xff, 0xff, 0xff, 0xff, 0xff, 0xff, 0xff, 0xff,
    0x41, 0x0, 0x0, 0x0, 0x21, 0xd2, 0xff, 0xff,
    0xff, 0xff, 0xff, 0xff, 0xff, 0xff, 0xff, 0xff,
    0xff, 0x14, 0x0, 0x0, 0x13, 0xec, 0xff, 0xff,
    0xff, 0xdc, 0xdc, 0xdc, 0xdc, 0xdc, 0xdc, 0xdc,
    0xdc, 0xc9, 0x0, 0x0, 0x0, 0x45, 0xff, 0xff,
    0xf5, 0x54, 0x0, 0x0, 0x0, 0x0, 0x0, 0x0,
    0x0, 0x0, 0x0, 0x0, 0x0, 0x0, 0x72, 0xff,
    0xff, 0xaf, 0x0, 0x0, 0x0, 0x0, 0x0, 0x0,
    0x0, 0x0, 0x0, 0x0, 0x0, 0x0, 0x0, 0xa0,
    0xff, 0xff, 0x81, 0x0, 0x0, 0x0, 0x0, 0x0,
    0x0, 0x0, 0x0, 0x0, 0x0, 0x0, 0x0, 0x0,
    0xcc, 0xff, 0xff, 0xa3, 0x0, 0x0, 0x0, 0x0,
    0x0, 0x0, 0x0, 0x0, 0x0, 0x0, 0x0, 0x0,
    0x0, 0x64, 0xff, 0xff, 0xff, 0xc0, 0xb4, 0xb4,
    0xb4, 0xb4, 0xb4, 0xb3, 0x27, 0x0, 0x0, 0x0,
    0x0, 0x0, 0x0, 0x8e, 0xff, 0xff, 0xff, 0xff,
    0xff, 0xff, 0xff, 0xff, 0xff, 0xda, 0x11, 0x0,
    0x0, 0x0, 0x0, 0x0, 0x2, 0xb4, 0xff, 0xff,
    0xff, 0xff, 0xff, 0xff, 0xff, 0xff, 0xff, 0xbc,
    0x4, 0x0, 0x0, 0x0, 0x0, 0x0, 0x0, 0x0,
    0x0, 0x0, 0x0, 0x0, 0x0, 0x45, 0xfb, 0xff,
    0xff, 0x67, 0x0, 0x0, 0x0, 0x0, 0x0, 0x0,
    0x0, 0x0, 0x0, 0x0, 0x0, 0x0, 0x0, 0xdb,
    0xff, 0xff, 0x4d, 0x0, 0x0, 0x0, 0x0, 0x0,
    0x0, 0x0, 0x0, 0x0, 0x0, 0x0, 0x0, 0x9,
    0xfd, 0xff, 0xff, 0x1f, 0x0, 0x0, 0x0, 0x0,
    0x0, 0x0, 0x0, 0x0, 0x0, 0x0, 0x0, 0x0,
    0x32, 0xff, 0xff, 0xf1, 0x0, 0x0, 0x0, 0x0,
    0x0, 0x0, 0x0, 0x0, 0x0, 0x0, 0x0, 0x0,
    0x10, 0xba, 0xff, 0xff, 0xc4, 0x0, 0x0, 0x0,
    0xa8, 0xd4, 0xd4, 0xd4, 0xd4, 0xd4, 0xd4, 0xd4,
    0xd4, 0xe9, 0xff, 0xff, 0xff, 0x7d, 0x0, 0x0,
    0x2, 0xf5, 0xff, 0xff, 0xff, 0xff, 0xff, 0xff,
    0xff, 0xff, 0xff, 0xff, 0xfd, 0x74, 0x0, 0x0,
    0x0, 0x28, 0xff, 0xff, 0xff, 0xff, 0xff, 0xff,
    0xff, 0xff, 0xff, 0xff, 0xf1, 0x49, 0x0, 0x0,
    0x0, 0x0,

    /* U+0054 "T" */
    0x77, 0xff, 0xff, 0xff, 0xff, 0xff, 0xff, 0xff,
    0xff, 0xff, 0xff, 0xff, 0xff, 0xe7, 0xa4, 0xff,
    0xff, 0xff, 0xff, 0xff, 0xff, 0xff, 0xff, 0xff,
    0xff, 0xff, 0xff, 0xb7, 0xaa, 0xd4, 0xd4, 0xd4,
    0xd4, 0xf7, 0xff, 0xff, 0xe3, 0xd4, 0xd4, 0xd4,
    0xd4, 0x73, 0x0, 0x0, 0x0, 0x0, 0x0, 0xe7,
    0xff, 0xff, 0x40, 0x0, 0x0, 0x0, 0x0, 0x0,
    0x0, 0x0, 0x0, 0x0, 0x14, 0xff, 0xff, 0xff,
    0x12, 0x0, 0x0, 0x0, 0x0, 0x0, 0x0, 0x0,
    0x0, 0x0, 0x43, 0xff, 0xff, 0xe3, 0x0, 0x0,
    0x0, 0x0, 0x0, 0x0, 0x0, 0x0, 0x0, 0x0,
    0x71, 0xff, 0xff, 0xb5, 0x0, 0x0, 0x0, 0x0,
    0x0, 0x0, 0x0, 0x0, 0x0, 0x0, 0x9f, 0xff,
    0xff, 0x87, 0x0, 0x0, 0x0, 0x0, 0x0, 0x0,
    0x0, 0x0, 0x0, 0x0, 0xcd, 0xff, 0xff, 0x58,
    0x0, 0x0, 0x0, 0x0, 0x0, 0x0, 0x0, 0x0,
    0x0, 0x3, 0xf7, 0xff, 0xff, 0x2a, 0x0, 0x0,
    0x0, 0x0, 0x0, 0x0, 0x0, 0x0, 0x0, 0x28,
    0xff, 0xff, 0xf7, 0x3, 0x0, 0x0, 0x0, 0x0,
    0x0, 0x0, 0x0, 0x0, 0x0, 0x56, 0xff, 0xff,
    0xcd, 0x0, 0x0, 0x0, 0x0, 0x0, 0x0, 0x0,
    0x0, 0x0, 0x0, 0x84, 0xff, 0xff, 0x9f, 0x0,
    0x0, 0x0, 0x0, 0x0, 0x0, 0x0, 0x0, 0x0,
    0x0, 0xb2, 0xff, 0xff, 0x70, 0x0, 0x0, 0x0,
    0x0, 0x0, 0x0, 0x0, 0x0, 0x0, 0x0, 0xe0,
    0xff, 0xff, 0x42, 0x0, 0x0, 0x0, 0x0, 0x0,
    0x0, 0x0, 0x0, 0x0, 0xe, 0xff, 0xff, 0xff,
    0x14, 0x0, 0x0, 0x0, 0x0, 0x0, 0x0, 0x0,
    0x0, 0x0, 0x3c, 0xff, 0xff, 0xe5, 0x0, 0x0,
    0x0, 0x0, 0x0, 0x0, 0x0, 0x0, 0x0, 0x0,
    0x69, 0xff, 0xff, 0xb7, 0x0, 0x0, 0x0, 0x0,
    0x0, 0x0, 0x0, 0x0,

    /* U+0055 "U" */
    0x0, 0x0, 0x0, 0x98, 0xff, 0xff, 0x88, 0x0,
    0x0, 0x0, 0x0, 0x0, 0x0, 0x0, 0x24, 0xff,
    0xff, 0xf8, 0x4, 0x0, 0x0, 0x0, 0xc6, 0xff,
    0xff, 0x59, 0x0, 0x0, 0x0, 0x0, 0x0, 0x0,
    0x0, 0x53, 0xff, 0xff, 0xce, 0x0, 0x0, 0x0,
    0x1, 0xf3, 0xff, 0xff, 0x2b, 0x0, 0x0, 0x0,
    0x0, 0x0, 0x0, 0x0, 0x82, 0xff, 0xff, 0xa0,
    0x0, 0x0, 0x0, 0x23, 0xff, 0xff, 0xf8, 0x4,
    0x0, 0x0, 0x0, 0x0, 0x0, 0x0, 0x0, 0xb1,
    0xff, 0xff, 0x72, 0x0, 0x0, 0x0, 0x52, 0xff,
    0xff, 0xce, 0x0, 0x0, 0x0, 0x0, 0x0, 0x0,
    0x0, 0x0, 0xe0, 0xff, 0xff, 0x44, 0x0, 0x0,
    0x0, 0x80, 0xff, 0xff, 0x9f, 0x0, 0x0, 0x0,
    0x0, 0x0, 0x0, 0x0, 0xf, 0xff, 0xff, 0xff,
    0x16, 0x0, 0x0, 0x0, 0xaf, 0xff, 0xff, 0x71,
    0x0, 0x0, 0x0, 0x0, 0x0, 0x0, 0x0, 0x3e,
    0xff, 0xff, 0xe7, 0x0, 0x0, 0x0, 0x0, 0xdd,
    0xff, 0xff, 0x42, 0x0, 0x0, 0x0, 0x0, 0x0,
    0x0, 0x0, 0x6d, 0xff, 0xff, 0xb9, 0x0, 0x0,
    0x0, 0xc, 0xfe, 0xff, 0xff, 0x14, 0x0, 0x0,
    0x0, 0x0, 0x0, 0x0, 0x0, 0x9c, 0xff, 0xff,
    0x8b, 0x0, 0x0, 0x0, 0x3a, 0xff, 0xff, 0xe5,
    0x0, 0x0, 0x0, 0x0, 0x0, 0x0, 0x0, 0x0,
    0xcb, 0xff, 0xff, 0x5d, 0x0, 0x0, 0x0, 0x69,
    0xff, 0xff, 0xb7, 0x0, 0x0, 0x0, 0x0, 0x0,
    0x0, 0x0, 0x3, 0xf6, 0xff, 0xff, 0x2f, 0x0,
    0x0, 0x0, 0x97, 0xff, 0xff, 0x88, 0x0, 0x0,
    0x0, 0x0, 0x0, 0x0, 0x0, 0x2a, 0xff, 0xff,
    0xfa, 0x6, 0x0, 0x0, 0x0, 0xc6, 0xff, 0xff,
    0x5a, 0x0, 0x0, 0x0, 0x0, 0x0, 0x0, 0x0,
    0x59, 0xff, 0xff, 0xd3, 0x0, 0x0, 0x0, 0x1,
    0xf2, 0xff, 0xff, 0x2b, 0x0, 0x0, 0x0, 0x0,
    0x0, 0x0, 0x0, 0x88, 0xff, 0xff, 0xa4, 0x0,
    0x0, 0x0, 0x20, 0xff, 0xff, 0xff, 0x54, 0x0,
    0x0, 0x0, 0x0, 0x0, 0x0, 0x28, 0xe1, 0xff,
    0xff, 0x76, 0x0, 0x0, 0x0, 0x1, 0xaf, 0xff,
    0xff, 0xf6, 0xbc, 0xbc, 0xbc, 0xbc, 0xbc, 0xbc,
    0xf0, 0xff, 0xff, 0xfe, 0x3d, 0x0, 0x0, 0x0,
    0x0, 0xb, 0xd1, 0xff, 0xff, 0xff, 0xff, 0xff,
    0xff, 0xff, 0xff, 0xff, 0xff, 0xf2, 0x4e, 0x0,
    0x0, 0x0, 0x0, 0x0, 0x0, 0x1f, 0xea, 0xff,
    0xff, 0xff, 0xff, 0xff, 0xff, 0xff, 0xff, 0xdd,
    0x2b, 0x0, 0x0, 0x0, 0x0, 0x0,

    /* U+0056 "V" */
    0x84, 0xff, 0xff, 0xa9, 0x0, 0x0, 0x0, 0x0,
    0x0, 0x0, 0x0, 0x0, 0x0, 0xa7, 0xff, 0xff,
    0xe3, 0x7, 0x5c, 0xff, 0xff, 0xcd, 0x0, 0x0,
    0x0, 0x0, 0x0, 0x0, 0x0, 0x0, 0x25, 0xfc,
    0xff, 0xff, 0x67, 0x0, 0x33, 0xff, 0xff, 0xf1,
    0x0, 0x0, 0x0, 0x0, 0x0, 0x0, 0x0, 0x0,
    0x9f, 0xff, 0xff, 0xdf, 0x5, 0x0, 0xb, 0xfe,
    0xff, 0xff, 0x15, 0x0, 0x0, 0x0, 0x0, 0x0,
    0x0, 0x1f, 0xfa, 0xff, 0xff, 0x61, 0x0, 0x0,
    0x0, 0xe2, 0xff, 0xff, 0x39, 0x0, 0x0, 0x0,
    0x0, 0x0, 0x0, 0x97, 0xff, 0xff, 0xda, 0x4,
    0x0, 0x0, 0x0, 0xba, 0xff, 0xff, 0x5d, 0x0,
    0x0, 0x0, 0x0, 0x0, 0x1a, 0xf8, 0xff, 0xff,
    0x5b, 0x0, 0x0, 0x0, 0x0, 0x91, 0xff, 0xff,
    0x81, 0x0, 0x0, 0x0, 0x0, 0x0, 0x8f, 0xff,
    0xff, 0xd6, 0x2, 0x0, 0x0, 0x0, 0x0, 0x69,
    0xff, 0xff, 0xa5, 0x0, 0x0, 0x0, 0x0, 0x15,
    0xf5, 0xff, 0xff, 0x55, 0x0, 0x0, 0x0, 0x0,
    0x0, 0x41, 0xff, 0xff, 0xc8, 0x0, 0x0, 0x0,
    0x0, 0x88, 0xff, 0xff, 0xd1, 0x1, 0x0, 0x0,
    0x0, 0x0, 0x0, 0x18, 0xff, 0xff, 0xec, 0x0,
    0x0, 0x0, 0x11, 0xf2, 0xff, 0xff, 0x50, 0x0,
    0x0, 0x0, 0x0, 0x0, 0x0, 0x0, 0xef, 0xff,
    0xff, 0x10, 0x0, 0x0, 0x80, 0xff, 0xff, 0xcc,
    0x0, 0x0, 0x0, 0x0, 0x0, 0x0, 0x0, 0x0,
    0xc7, 0xff, 0xff, 0x34, 0x0, 0xd, 0xee, 0xff,
    0xff, 0x4a, 0x0, 0x0, 0x0, 0x0, 0x0, 0x0,
    0x0, 0x0, 0x9f, 0xff, 0xff, 0x58, 0x0, 0x78,
    0xff, 0xff, 0xc7, 0x0, 0x0, 0x0, 0x0, 0x0,
    0x0, 0x0, 0x0, 0x0, 0x76, 0xff, 0xff, 0x7c,
    0xa, 0xe9, 0xff, 0xff, 0x44, 0x0, 0x0, 0x0,
    0x0, 0x0, 0x0, 0x0, 0x0, 0x0, 0x4e, 0xff,
    0xff, 0xa0, 0x71, 0xff, 0xff, 0xc1, 0x0, 0x0,
    0x0, 0x0, 0x0, 0x0, 0x0, 0x0, 0x0, 0x0,
    0x25, 0xff, 0xff, 0xfc, 0xfc, 0xff, 0xff, 0x3f,
    0x0, 0x0, 0x0, 0x0, 0x0, 0x0, 0x0, 0x0,
    0x0, 0x0, 0x3, 0xf9, 0xff, 0xff, 0xff, 0xff,
    0xbb, 0x0, 0x0, 0x0, 0x0, 0x0, 0x0, 0x0,
    0x0, 0x0, 0x0, 0x0, 0x0, 0xd4, 0xff, 0xff,
    0xff, 0xff, 0x39, 0x0, 0x0, 0x0, 0x0, 0x0,
    0x0, 0x0, 0x0, 0x0,

    /* U+0057 "W" */
    0x86, 0xff, 0xff, 0xb5, 0x0, 0x0, 0x0, 0x0,
    0x0, 0xa, 0xf2, 0xff, 0xff, 0x1, 0x0, 0x0,
    0x0, 0x0, 0x0, 0xb1, 0xff, 0xff, 0xca, 0x78,
    0xff, 0xff, 0xb9, 0x0, 0x0, 0x0, 0x0, 0x0,
    0x5d, 0xff, 0xff, 0xff, 0x5, 0x0, 0x0, 0x0,
    0x0, 0x15, 0xfa, 0xff, 0xff, 0x5f, 0x6a, 0xff,
    0xff, 0xbd, 0x0, 0x0, 0x0, 0x0, 0x0, 0xbd,
    0xff, 0xff, 0xff, 0x9, 0x0, 0x0, 0x0, 0x0,
    0x71, 0xff, 0xff, 0xec, 0x8, 0x5c, 0xff, 0xff,
    0xc0, 0x0, 0x0, 0x0, 0x0, 0x1f, 0xfe, 0xff,
    0xff, 0xff, 0xc, 0x0, 0x0, 0x0, 0x0, 0xd1,
    0xff, 0xff, 0x8a, 0x0, 0x4e, 0xff, 0xff, 0xc4,
    0x0, 0x0, 0x0, 0x0, 0x7e, 0xff, 0xff, 0xff,
    0xff, 0x10, 0x0, 0x0, 0x0, 0x32, 0xff, 0xff,
    0xfd, 0x22, 0x0, 0x41, 0xff, 0xff, 0xc8, 0x0,
    0x0, 0x0, 0x1, 0xdd, 0xff, 0xff, 0xff, 0xff,
    0x14, 0x0, 0x0, 0x0, 0x93, 0xff, 0xff, 0xb4,
    0x0, 0x0, 0x33, 0xff, 0xff, 0xcc, 0x0, 0x0,
    0x0, 0x3f, 0xff, 0xff, 0xff, 0xff, 0xff, 0x18,
    0x0, 0x0, 0x6, 0xec, 0xff, 0xff, 0x4a, 0x0,
    0x0, 0x25, 0xff, 0xff, 0xcf, 0x0, 0x0, 0x0,
    0xa0, 0xff, 0xff, 0xd3, 0xff, 0xff, 0x1b, 0x0,
    0x0, 0x54, 0xff, 0xff, 0xdd, 0x2, 0x0, 0x0,
    0x17, 0xff, 0xff, 0xd3, 0x0, 0x0, 0xc, 0xf4,
    0xff, 0xe3, 0x88, 0xff, 0xff, 0x1f, 0x0, 0x0,
    0xb4, 0xff, 0xff, 0x74, 0x0, 0x0, 0x0, 0xa,
    0xff, 0xff, 0xd7, 0x0, 0x0, 0x61, 0xff, 0xff,
    0x82, 0x81, 0xff, 0xff, 0x23, 0x0, 0x18, 0xfc,
    0xff, 0xf7, 0x12, 0x0, 0x0, 0x0, 0x0, 0xfb,
    0xff, 0xda, 0x0, 0x0, 0xc1, 0xff, 0xfe, 0x20,
    0x7c, 0xff, 0xff, 0x26, 0x0, 0x75, 0xff, 0xff,
    0x9f, 0x0, 0x0, 0x0, 0x0, 0x0, 0xee, 0xff,
    0xde, 0x0, 0x22, 0xfe, 0xff, 0xbb, 0x0, 0x77,
    0xff, 0xff, 0x2a, 0x0, 0xd5, 0xff, 0xff, 0x35,
    0x0, 0x0, 0x0, 0x0, 0x0, 0xe0, 0xff, 0xe2,
    0x0, 0x82, 0xff, 0xff, 0x57, 0x0, 0x72, 0xff,
    0xff, 0x2e, 0x36, 0xff, 0xff, 0xca, 0x0, 0x0,
    0x0, 0x0, 0x0, 0x0, 0xd2, 0xff, 0xe6, 0x1,
    0xe1, 0xff, 0xec, 0x7, 0x0, 0x6e, 0xff, 0xff,
    0x32, 0x97, 0xff, 0xff, 0x5f, 0x0, 0x0, 0x0,
    0x0, 0x0, 0x0, 0xc5, 0xff, 0xe9, 0x43, 0xff,
    0xff, 0x90, 0x0, 0x0, 0x69, 0xff, 0xff, 0x3d,
    0xef, 0xff, 0xec, 0x8, 0x0, 0x0, 0x0, 0x0,
    0x0, 0x0, 0xb7, 0xff, 0xff, 0xf9, 0xff, 0xff,
    0x2c, 0x0, 0x0, 0x64, 0xff, 0xff, 0xf8, 0xff,
    0xff, 0x8a, 0x0, 0x0, 0x0, 0x0, 0x0, 0x0,
    0x0, 0xa9, 0xff, 0xff, 0xff, 0xff, 0xc9, 0x0,
    0x0, 0x0, 0x5f, 0xff, 0xff, 0xff, 0xff, 0xfd,
    0x22, 0x0, 0x0, 0x0, 0x0, 0x0, 0x0, 0x0,
    0x9b, 0xff, 0xff, 0xff, 0xff, 0x65, 0x0, 0x0,
    0x0, 0x5a, 0xff, 0xff, 0xff, 0xff, 0xb5, 0x0,
    0x0, 0x0, 0x0, 0x0, 0x0, 0x0,

    /* U+0058 "X" */
    0x0, 0x0, 0x0, 0x3d, 0xff, 0xff, 0xfb, 0x1d,
    0x0, 0x0, 0x0, 0x0, 0x0, 0x0, 0x0, 0xa9,
    0xff, 0xff, 0xf6, 0x30, 0x0, 0x0, 0x0, 0x0,
    0xce, 0xff, 0xff, 0x8b, 0x0, 0x0, 0x0, 0x0,
    0x0, 0x0, 0x65, 0xff, 0xff, 0xff, 0x5b, 0x0,
    0x0, 0x0, 0x0, 0x0, 0x5f, 0xff, 0xff, 0xf0,
    0xd, 0x0, 0x0, 0x0, 0x0, 0x2a, 0xf5, 0xff,
    0xff, 0x90, 0x0, 0x0, 0x0, 0x0, 0x0, 0x0,
    0x7, 0xe9, 0xff, 0xff, 0x70, 0x0, 0x0, 0x0,
    0x8, 0xd2, 0xff, 0xff, 0xc1, 0x4, 0x0, 0x0,
    0x0, 0x0, 0x0, 0x0, 0x0, 0x82, 0xff, 0xff,
    0xdf, 0x3, 0x0, 0x0, 0x97, 0xff, 0xff, 0xe3,
    0x16, 0x0, 0x0, 0x0, 0x0, 0x0, 0x0, 0x0,
    0x0, 0x19, 0xfa, 0xff, 0xff, 0x55, 0x0, 0x52,
    0xff, 0xff, 0xf8, 0x37, 0x0, 0x0, 0x0, 0x0,
    0x0, 0x0, 0x0, 0x0, 0x0, 0x0, 0xa5, 0xff,
    0xff, 0xc8, 0x20, 0xee, 0xff, 0xff, 0x65, 0x0,
    0x0, 0x0, 0x0, 0x0, 0x0, 0x0, 0x0, 0x0,
    0x0, 0x0, 0x36, 0xff, 0xff, 0xff, 0xff, 0xff,
    0xff, 0x99, 0x0, 0x0, 0x0, 0x0, 0x0, 0x0,
    0x0, 0x0, 0x0, 0x0, 0x0, 0x0, 0x0, 0xd7,
    0xff, 0xff, 0xff, 0xff, 0xd8, 0x6, 0x0, 0x0,
    0x0, 0x0, 0x0, 0x0, 0x0, 0x0, 0x0, 0x0,
    0x0, 0x0, 0x54, 0xff, 0xff, 0xff, 0xff, 0xff,
    0xf3, 0xc, 0x0, 0x0, 0x0, 0x0, 0x0, 0x0,
    0x0, 0x0, 0x0, 0x0, 0x0, 0x24, 0xf1, 0xff,
    0xff, 0x96, 0xf8, 0xff, 0xff, 0x65, 0x0, 0x0,
    0x0, 0x0, 0x0, 0x0, 0x0, 0x0, 0x0, 0x0,
    0x7, 0xcf, 0xff, 0xff, 0xa7, 0x0, 0xa3, 0xff,
    0xff, 0xcb, 0x0, 0x0, 0x0, 0x0, 0x0, 0x0,
    0x0, 0x0, 0x0, 0x0, 0x99, 0xff, 0xff, 0xe5,
    0x11, 0x0, 0x39, 0xff, 0xff, 0xff, 0x30, 0x0,
    0x0, 0x0, 0x0, 0x0, 0x0, 0x0, 0x0, 0x59,
    0xff, 0xff, 0xff, 0x47, 0x0, 0x0, 0x0, 0xcf,
    0xff, 0xff, 0x96, 0x0, 0x0, 0x0, 0x0, 0x0,
    0x0, 0x0, 0x27, 0xf3, 0xff, 0xff, 0x95, 0x0,
    0x0, 0x0, 0x0, 0x66, 0xff, 0xff, 0xf1, 0xa,
    0x0, 0x0, 0x0, 0x0, 0x0, 0x9, 0xd2, 0xff,
    0xff, 0xda, 0xa, 0x0, 0x0, 0x0, 0x0, 0xb,
    0xf1, 0xff, 0xff, 0x61, 0x0, 0x0, 0x0, 0x0,
    0x0, 0x9e, 0xff, 0xff, 0xfc, 0x38, 0x0, 0x0,
    0x0, 0x0, 0x0, 0x0, 0x93, 0xff, 0xff, 0xc7,
    0x0, 0x0, 0x0, 0x0, 0x5f, 0xff, 0xff, 0xff,
    0x84, 0x0, 0x0, 0x0, 0x0, 0x0, 0x0, 0x0,
    0x29, 0xff, 0xff, 0xff, 0x2d, 0x0, 0x0, 0x0,

    /* U+0059 "Y" */
    0x4f, 0xff, 0xff, 0xf5, 0xe, 0x0, 0x0, 0x0,
    0x0, 0x0, 0x0, 0x0, 0xbc, 0xff, 0xff, 0xf5,
    0x2a, 0x4, 0xe8, 0xff, 0xff, 0x64, 0x0, 0x0,
    0x0, 0x0, 0x0, 0x0, 0x67, 0xff, 0xff, 0xff,
    0x61, 0x0, 0x0, 0x8a, 0xff, 0xff, 0xc4, 0x0,
    0x0, 0x0, 0x0, 0x0, 0x1e, 0xf2, 0xff, 0xff,
    0xa3, 0x0, 0x0, 0x0, 0x28, 0xff, 0xff, 0xff,
    0x24, 0x0, 0x0, 0x0, 0x0, 0xba, 0xff, 0xff,
    0xd8, 0xc, 0x0, 0x0, 0x0, 0x0, 0xc5, 0xff,
    0xff, 0x84, 0x0, 0x0, 0x0, 0x65, 0xff, 0xff,
    0xf7, 0x2e, 0x0, 0x0, 0x0, 0x0, 0x0, 0x63,
    0xff, 0xff, 0xe2, 0x2, 0x0, 0x1d, 0xf1, 0xff,
    0xff, 0x67, 0x0, 0x0, 0x0, 0x0, 0x0, 0x0,
    0xc, 0xf3, 0xff, 0xff, 0x45, 0x0, 0xb8, 0xff,
    0xff, 0xa8, 0x0, 0x0, 0x0, 0x0, 0x0, 0x0,
    0x0, 0x0, 0x9e, 0xff, 0xff, 0xac, 0x6e, 0xff,
    0xff, 0xdc, 0xe, 0x0, 0x0, 0x0, 0x0, 0x0,
    0x0, 0x0, 0x0, 0x3b, 0xff, 0xff, 0xff, 0xff,
    0xff, 0xf9, 0x33, 0x0, 0x0, 0x0, 0x0, 0x0,
    0x0, 0x0, 0x0, 0x0, 0x0, 0xd8, 0xff, 0xff,
    0xff, 0xff, 0x6d, 0x0, 0x0, 0x0, 0x0, 0x0,
    0x0, 0x0, 0x0, 0x0, 0x0, 0x0, 0x76, 0xff,
    0xff, 0xff, 0xae, 0x0, 0x0, 0x0, 0x0, 0x0,
    0x0, 0x0, 0x0, 0x0, 0x0, 0x0, 0x0, 0x30,
    0xff, 0xff, 0xfb, 0x11, 0x0, 0x0, 0x0, 0x0,
    0x0, 0x0, 0x0, 0x0, 0x0, 0x0, 0x0, 0x0,
    0x55, 0xff, 0xff, 0xd3, 0x0, 0x0, 0x0, 0x0,
    0x0, 0x0, 0x0, 0x0, 0x0, 0x0, 0x0, 0x0,
    0x0, 0x83, 0xff, 0xff, 0xa4, 0x0, 0x0, 0x0,
    0x0, 0x0, 0x0, 0x0, 0x0, 0x0, 0x0, 0x0,
    0x0, 0x0, 0xb2, 0xff, 0xff, 0x76, 0x0, 0x0,
    0x0, 0x0, 0x0, 0x0, 0x0, 0x0, 0x0, 0x0,
    0x0, 0x0, 0x0, 0xe0, 0xff, 0xff, 0x47, 0x0,
    0x0, 0x0, 0x0, 0x0, 0x0, 0x0, 0x0, 0x0,
    0x0, 0x0, 0x0, 0xf, 0xff, 0xff, 0xff, 0x19,
    0x0, 0x0, 0x0, 0x0, 0x0, 0x0, 0x0, 0x0,
    0x0, 0x0, 0x0, 0x0, 0x3d, 0xff, 0xff, 0xeb,
    0x0, 0x0, 0x0, 0x0, 0x0, 0x0, 0x0, 0x0,
    0x0, 0x0,

    /* U+005A "Z" */
    0x0, 0x0, 0x0, 0x0, 0xcb, 0xff, 0xff, 0xff,
    0xff, 0xff, 0xff, 0xff, 0xff, 0xff, 0xff, 0xff,
    0xff, 0x1c, 0x0, 0x0, 0x0, 0x2, 0xf5, 0xff,
    0xff, 0xff, 0xff, 0xff, 0xff, 0xff, 0xff, 0xff,
    0xff, 0xff, 0xee, 0x0, 0x0, 0x0, 0x0, 0x1b,
    0xd4, 0xd4, 0xd4, 0xd4, 0xd4, 0xd4, 0xd4, 0xd4,
    0xf6, 0xff, 0xff, 0xff, 0xba, 0x0, 0x0, 0x0,
    0x0, 0x0, 0x0, 0x0, 0x0, 0x0, 0x0, 0x0,
    0x0, 0x17, 0xec, 0xff, 0xff, 0xe0, 0x1e, 0x0,
    0x0, 0x0, 0x0, 0x0, 0x0, 0x0, 0x0, 0x0,
    0x0, 0x0, 0x14, 0xd3, 0xff, 0xff, 0xe4, 0x22,
    0x0, 0x0, 0x0, 0x0, 0x0, 0x0, 0x0, 0x0,
    0x0, 0x0, 0x0, 0x11, 0xcf, 0xff, 0xff, 0xe8,
    0x26, 0x0, 0x0, 0x0, 0x0, 0x0, 0x0, 0x0,
    0x0, 0x0, 0x0, 0x0, 0xe, 0xca, 0xff, 0xff,
    0xeb, 0x2b, 0x0, 0x0, 0x0, 0x0, 0x0, 0x0,
    0x0, 0x0, 0x0, 0x0, 0x0, 0xc, 0xc5, 0xff,
    0xff, 0xef, 0x31, 0x0, 0x0, 0x0, 0x0, 0x0,
    0x0, 0x0, 0x0, 0x0, 0x0, 0x0, 0xa, 0xc0,
    0xff, 0xff, 0xf2, 0x36, 0x0, 0x0, 0x0, 0x0,
    0x0, 0x0, 0x0, 0x0, 0x0, 0x0, 0x0, 0x8,
    0xba, 0xff, 0xff, 0xf4, 0x3c, 0x0, 0x0, 0x0,
    0x0, 0x0, 0x0, 0x0, 0x0, 0x0, 0x0, 0x0,
    0x6, 0xb5, 0xff, 0xff, 0xf7, 0x42, 0x0, 0x0,
    0x0, 0x0, 0x0, 0x0, 0x0, 0x0, 0x0, 0x0,
    0x0, 0x4, 0xaf, 0xff, 0xff, 0xf9, 0x48, 0x0,
    0x0, 0x0, 0x0, 0x0, 0x0, 0x0, 0x0, 0x0,
    0x0, 0x0, 0x3, 0xa9, 0xff, 0xff, 0xfb, 0x4f,
    0x0, 0x0, 0x0, 0x0, 0x0, 0x0, 0x0, 0x0,
    0x0, 0x0, 0x0, 0x2, 0xa3, 0xff, 0xff, 0xfc,
    0x56, 0x0, 0x0, 0x0, 0x0, 0x0, 0x0, 0x0,
    0x0, 0x0, 0x0, 0x0, 0x0, 0x9b, 0xff, 0xff,
    0xff, 0x6e, 0x0, 0x0, 0x0, 0x0, 0x0, 0x0,
    0x0, 0x0, 0x0, 0x0, 0x0, 0x0, 0xd, 0xfe,
    0xff, 0xff, 0xff, 0xdc, 0xd4, 0xd4, 0xd4, 0xd4,
    0xd4, 0xd4, 0xd4, 0xd4, 0x50, 0x0, 0x0, 0x0,
    0x3b, 0xff, 0xff, 0xff, 0xff, 0xff, 0xff, 0xff,
    0xff, 0xff, 0xff, 0xff, 0xff, 0xff, 0x37, 0x0,
    0x0, 0x0, 0x69, 0xff, 0xff, 0xff, 0xff, 0xff,
    0xff, 0xff, 0xff, 0xff, 0xff, 0xff, 0xff, 0xfe,
    0xc, 0x0, 0x0, 0x0,

    /* U+005B "[" */
    0x0, 0x0, 0x0, 0x0, 0x3b, 0x78, 0x78, 0x78,
    0x78, 0x78, 0x78, 0xf, 0x0, 0x0, 0x0, 0x0,
    0xa0, 0xff, 0xff, 0xff, 0xff, 0xff, 0xfb, 0x6,
    0x0, 0x0, 0x0, 0x0, 0xcd, 0xff, 0xff, 0xff,
    0xff, 0xff, 0xd5, 0x0, 0x0, 0x0, 0x0, 0x3,
    0xf7, 0xff, 0xff, 0x11, 0x0, 0x0, 0x0, 0x0,
    0x0, 0x0, 0x0, 0x28, 0xff, 0xff, 0xe3, 0x0,
    0x0, 0x0, 0x0, 0x0, 0x0, 0x0, 0x0, 0x55,
    0xff, 0xff, 0xb5, 0x0, 0x0, 0x0, 0x0, 0x0,
    0x0, 0x0, 0x0, 0x82, 0xff, 0xff, 0x88, 0x0,
    0x0, 0x0, 0x0, 0x0, 0x0, 0x0, 0x0, 0xaf,
    0xff, 0xff, 0x5a, 0x0, 0x0, 0x0, 0x0, 0x0,
    0x0, 0x0, 0x0, 0xdd, 0xff, 0xff, 0x2d, 0x0,
    0x0, 0x0, 0x0, 0x0, 0x0, 0x0, 0xb, 0xfe,
    0xff, 0xfa, 0x5, 0x0, 0x0, 0x0, 0x0, 0x0,
    0x0, 0x0, 0x37, 0xff, 0xff, 0xd2, 0x0, 0x0,
    0x0, 0x0, 0x0, 0x0, 0x0, 0x0, 0x64, 0xff,
    0xff, 0xa4, 0x0, 0x0, 0x0, 0x0, 0x0, 0x0,
    0x0, 0x0, 0x91, 0xff, 0xff, 0x77, 0x0, 0x0,
    0x0, 0x0, 0x0, 0x0, 0x0, 0x0, 0xbf, 0xff,
    0xff, 0x49, 0x0, 0x0, 0x0, 0x0, 0x0, 0x0,
    0x0, 0x0, 0xec, 0xff, 0xff, 0x1b, 0x0, 0x0,
    0x0, 0x0, 0x0, 0x0, 0x0, 0x19, 0xff, 0xff,
    0xed, 0x0, 0x0, 0x0, 0x0, 0x0, 0x0, 0x0,
    0x0, 0x46, 0xff, 0xff, 0xc0, 0x0, 0x0, 0x0,
    0x0, 0x0, 0x0, 0x0, 0x0, 0x74, 0xff, 0xff,
    0x93, 0x0, 0x0, 0x0, 0x0, 0x0, 0x0, 0x0,
    0x0, 0xa1, 0xff, 0xff, 0x65, 0x0, 0x0, 0x0,
    0x0, 0x0, 0x0, 0x0, 0x0, 0xce, 0xff, 0xff,
    0x38, 0x0, 0x0, 0x0, 0x0, 0x0, 0x0, 0x0,
    0x3, 0xf7, 0xff, 0xfe, 0xc, 0x0, 0x0, 0x0,
    0x0, 0x0, 0x0, 0x0, 0x29, 0xff, 0xff, 0xdd,
    0x0, 0x0, 0x0, 0x0, 0x0, 0x0, 0x0, 0x0,
    0x56, 0xff, 0xff, 0xaf, 0x0, 0x0, 0x0, 0x0,
    0x0, 0x0, 0x0, 0x0, 0x83, 0xff, 0xff, 0xc0,
    0x74, 0x74, 0x74, 0x6, 0x0, 0x0, 0x0, 0x0,
    0xb0, 0xff, 0xff, 0xff, 0xff, 0xff, 0xed, 0x0,
    0x0, 0x0, 0x0, 0x0, 0xdd, 0xff, 0xff, 0xff,
    0xff, 0xff, 0xc2, 0x0, 0x0, 0x0, 0x0, 0x0,

    /* U+005C "\\" */
    0x20, 0xff, 0xff, 0xfb, 0x8, 0x0, 0x0, 0x0,
    0x0, 0xee, 0xff, 0xff, 0x34, 0x0, 0x0, 0x0,
    0x0, 0xbe, 0xff, 0xff, 0x65, 0x0, 0x0, 0x0,
    0x0, 0x8d, 0xff, 0xff, 0x96, 0x0, 0x0, 0x0,
    0x0, 0x5d, 0xff, 0xff, 0xc7, 0x0, 0x0, 0x0,
    0x0, 0x2c, 0xff, 0xff, 0xf5, 0x2, 0x0, 0x0,
    0x0, 0x4, 0xf7, 0xff, 0xff, 0x28, 0x0, 0x0,
    0x0, 0x0, 0xca, 0xff, 0xff, 0x59, 0x0, 0x0,
    0x0, 0x0, 0x9a, 0xff, 0xff, 0x8a, 0x0, 0x0,
    0x0, 0x0, 0x69, 0xff, 0xff, 0xba, 0x0, 0x0,
    0x0, 0x0, 0x38, 0xff, 0xff, 0xeb, 0x0, 0x0,
    0x0, 0x0, 0xa, 0xfd, 0xff, 0xff, 0x1c, 0x0,
    0x0, 0x0, 0x0, 0xd7, 0xff, 0xff, 0x4d, 0x0,
    0x0, 0x0, 0x0, 0xa6, 0xff, 0xff, 0x7d, 0x0,
    0x0, 0x0, 0x0, 0x75, 0xff, 0xff, 0xae, 0x0,
    0x0, 0x0, 0x0, 0x44, 0xff, 0xff, 0xdf, 0x0,
    0x0, 0x0, 0x0, 0x13, 0xff, 0xff, 0xff, 0x10,
    0x0, 0x0, 0x0, 0x0, 0xe3, 0xff, 0xff, 0x40,
    0x0, 0x0, 0x0, 0x0, 0xb2, 0xff, 0xff, 0x71,
    0x0, 0x0, 0x0, 0x0, 0x81, 0xff, 0xff, 0xa2,
    0x0, 0x0, 0x0, 0x0, 0x50, 0xff, 0xff, 0xd3,

    /* U+005D "]" */
    0x0, 0x0, 0x0, 0x0, 0x2c, 0x78, 0x78, 0x78,
    0x78, 0x78, 0x78, 0x1e, 0x0, 0x0, 0x0, 0x0,
    0x7f, 0xff, 0xff, 0xff, 0xff, 0xff, 0xff, 0x1f,
    0x0, 0x0, 0x0, 0x0, 0xaa, 0xff, 0xff, 0xff,
    0xff, 0xff, 0xf1, 0x0, 0x0, 0x0, 0x0, 0x0,
    0x0, 0x0, 0x0, 0x3f, 0xff, 0xff, 0xc5, 0x0,
    0x0, 0x0, 0x0, 0x0, 0x0, 0x0, 0x0, 0x6c,
    0xff, 0xff, 0x98, 0x0, 0x0, 0x0, 0x0, 0x0,
    0x0, 0x0, 0x0, 0x9a, 0xff, 0xff, 0x6a, 0x0,
    0x0, 0x0, 0x0, 0x0, 0x0, 0x0, 0x0, 0xc7,
    0xff, 0xff, 0x3d, 0x0, 0x0, 0x0, 0x0, 0x0,
    0x0, 0x0, 0x1, 0xf2, 0xff, 0xff, 0x11, 0x0,
    0x0, 0x0, 0x0, 0x0, 0x0, 0x0, 0x22, 0xff,
    0xff, 0xe3, 0x0, 0x0, 0x0, 0x0, 0x0, 0x0,
    0x0, 0x0, 0x4f, 0xff, 0xff, 0xb5, 0x0, 0x0,
    0x0, 0x0, 0x0, 0x0, 0x0, 0x0, 0x7c, 0xff,
    0xff, 0x88, 0x0, 0x0, 0x0, 0x0, 0x0, 0x0,
    0x0, 0x0, 0xaa, 0xff, 0xff, 0x5b, 0x0, 0x0,
    0x0, 0x0, 0x0, 0x0, 0x0, 0x0, 0xd7, 0xff,
    0xff, 0x2e, 0x0, 0x0, 0x0, 0x0, 0x0, 0x0,
    0x0, 0x8, 0xfc, 0xff, 0xfa, 0x6, 0x0, 0x0,
    0x0, 0x0, 0x0, 0x0, 0x0, 0x32, 0xff, 0xff,
    0xd3, 0x0, 0x0, 0x0, 0x0, 0x0, 0x0, 0x0,
    0x0, 0x5f, 0xff, 0xff, 0xa6, 0x0, 0x0, 0x0,
    0x0, 0x0, 0x0, 0x0, 0x0, 0x8d, 0xff, 0xff,
    0x79, 0x0, 0x0, 0x0, 0x0, 0x0, 0x0, 0x0,
    0x0, 0xba, 0xff, 0xff, 0x4c, 0x0, 0x0, 0x0,
    0x0, 0x0, 0x0, 0x0, 0x0, 0xe7, 0xff, 0xff,
    0x1e, 0x0, 0x0, 0x0, 0x0, 0x0, 0x0, 0x0,
    0x14, 0xff, 0xff, 0xf1, 0x0, 0x0, 0x0, 0x0,
    0x0, 0x0, 0x0, 0x0, 0x42, 0xff, 0xff, 0xc4,
    0x0, 0x0, 0x0, 0x0, 0x0, 0x0, 0x0, 0x0,
    0x6f, 0xff, 0xff, 0x97, 0x0, 0x0, 0x0, 0x0,
    0x0, 0x0, 0x0, 0x0, 0x9d, 0xff, 0xff, 0x69,
    0x0, 0x0, 0x0, 0x0, 0x33, 0x74, 0x74, 0x74,
    0xdd, 0xff, 0xff, 0x3c, 0x0, 0x0, 0x0, 0x0,
    0x92, 0xff, 0xff, 0xff, 0xff, 0xff, 0xff, 0x10,
    0x0, 0x0, 0x0, 0x0, 0xbe, 0xff, 0xff, 0xff,
    0xff, 0xff, 0xe2, 0x0, 0x0, 0x0, 0x0, 0x0,

    /* U+005E "^" */
    0x0, 0x0, 0x0, 0x0, 0x9, 0x4f, 0x50, 0x50,
    0x18, 0x0, 0x0, 0x0, 0x0, 0x0, 0x0, 0x4,
    0xb2, 0xff, 0xff, 0xff, 0xab, 0x0, 0x0, 0x0,
    0x0, 0x0, 0x0, 0x9f, 0xff, 0xff, 0xff, 0xff,
    0xff, 0x3a, 0x0, 0x0, 0x0, 0x0, 0x8b, 0xff,
    0xff, 0xf3, 0xea, 0xff, 0xff, 0xc7, 0x0, 0x0,
    0x0, 0x74, 0xff, 0xff, 0xe0, 0x2e, 0x37, 0xf7,
    0xff, 0xff, 0x56, 0x0, 0x5f, 0xfe, 0xff, 0xc4,
    0x15, 0x0, 0x0, 0x56, 0xfe, 0xff, 0xdd, 0x6,

    /* U+005F "_" */
    0x0, 0x64, 0x74, 0x74, 0x74, 0x74, 0x74, 0x74,
    0x74, 0x74, 0x74, 0x74, 0x74, 0x74, 0x47, 0x4,
    0xf9, 0xff, 0xff, 0xff, 0xff, 0xff, 0xff, 0xff,
    0xff, 0xff, 0xff, 0xff, 0xff, 0x7c, 0x2a, 0xff,
    0xff, 0xff, 0xff, 0xff, 0xff, 0xff, 0xff, 0xff,
    0xff, 0xff, 0xff, 0xff, 0x4e,

    /* U+0060 "`" */
    0x85, 0xd4, 0xd4, 0xd4, 0x31, 0x0, 0xf, 0xda,
    0xff, 0xff, 0xae, 0x0, 0x0, 0x2c, 0xf4, 0xff,
    0xfe, 0x2c, 0x0, 0x0, 0x58, 0xff, 0xff, 0xa9,

    /* U+0061 "a" */
    0x0, 0x0, 0x0, 0x4f, 0xff, 0xff, 0xff, 0xff,
    0xff, 0xff, 0xff, 0x5d, 0x0, 0x0, 0x0, 0x0,
    0x0, 0x7c, 0xff, 0xff, 0xff, 0xff, 0xff, 0xff,
    0xff, 0xf7, 0x36, 0x0, 0x0, 0x0, 0x0, 0x49,
    0x78, 0x78, 0x78, 0x78, 0x78, 0x8d, 0xff, 0xff,
    0xe6, 0x1a, 0x0, 0x0, 0x0, 0x0, 0x0, 0x0,
    0x0, 0x0, 0x0, 0x0, 0x9e, 0xff, 0xff, 0x84,
    0x0, 0x0, 0x0, 0x2d, 0x54, 0x54, 0x54, 0x54,
    0x54, 0x54, 0xbd, 0xff, 0xff, 0x5d, 0x0, 0x0,
    0x5a, 0xf8, 0xff, 0xff, 0xff, 0xff, 0xff, 0xff,
    0xff, 0xff, 0xff, 0x30, 0x0, 0x80, 0xff, 0xff,
    0xff, 0xff, 0xff, 0xff, 0xff, 0xff, 0xff, 0xff,
    0xfc, 0x7, 0x45, 0xff, 0xff, 0xfa, 0x61, 0x0,
    0x0, 0x0, 0x0, 0x2f, 0xff, 0xff, 0xd6, 0x0,
    0x73, 0xff, 0xff, 0x95, 0x0, 0x0, 0x0, 0x0,
    0x10, 0xbc, 0xff, 0xff, 0xa9, 0x0, 0x9f, 0xff,
    0xff, 0x7a, 0x0, 0x0, 0x0, 0x22, 0xd6, 0xff,
    0xff, 0xff, 0x7c, 0x0, 0x81, 0xff, 0xff, 0xf3,
    0x5c, 0x50, 0x5f, 0xeb, 0xff, 0xff, 0xff, 0xff,
    0x4f, 0x0, 0x2, 0xb3, 0xff, 0xff, 0xff, 0xff,
    0xff, 0xff, 0xaa, 0xed, 0xff, 0xff, 0x22, 0x0,
    0x0, 0xd, 0xd4, 0xff, 0xff, 0xff, 0xff, 0x84,
    0x13, 0xff, 0xff, 0xf4, 0x1, 0x0,

    /* U+0062 "b" */
    0x0, 0x0, 0x0, 0x2, 0xf5, 0xff, 0xff, 0x10,
    0x0, 0x0, 0x0, 0x0, 0x0, 0x0, 0x0, 0x0,
    0x0, 0x0, 0x0, 0x26, 0xff, 0xff, 0xdf, 0x0,
    0x0, 0x0, 0x0, 0x0, 0x0, 0x0, 0x0, 0x0,
    0x0, 0x0, 0x0, 0x54, 0xff, 0xff, 0xaf, 0x0,
    0x0, 0x0, 0x0, 0x0, 0x0, 0x0, 0x0, 0x0,
    0x0, 0x0, 0x0, 0x82, 0xff, 0xff, 0x7f, 0x0,
    0x0, 0x0, 0x0, 0x0, 0x0, 0x0, 0x0, 0x0,
    0x0, 0x0, 0x0, 0xb0, 0xff, 0xff, 0x4f, 0x0,
    0x0, 0x0, 0x0, 0x0, 0x0, 0x0, 0x0, 0x0,
    0x0, 0x0, 0x0, 0xdf, 0xff, 0xff, 0x26, 0xac,
    0xff, 0xff, 0xff, 0xff, 0xf9, 0x3b, 0x0, 0x0,
    0x0, 0x0, 0xd, 0xfe, 0xff, 0xf7, 0xbd, 0xff,
    0xff, 0xff, 0xff, 0xff, 0xff, 0xe9, 0x1d, 0x0,
    0x0, 0x0, 0x3b, 0xff, 0xff, 0xff, 0xff, 0xf4,
    0x6e, 0x58, 0x58, 0xca, 0xff, 0xff, 0xce, 0x5,
    0x0, 0x0, 0x69, 0xff, 0xff, 0xff, 0xe3, 0x30,
    0x0, 0x0, 0x0, 0x27, 0xff, 0xff, 0xf5, 0x2,
    0x0, 0x0, 0x98, 0xff, 0xff, 0xca, 0x18, 0x0,
    0x0, 0x0, 0x0, 0x3c, 0xff, 0xff, 0xca, 0x0,
    0x0, 0x0, 0xc6, 0xff, 0xff, 0x3b, 0x0, 0x0,
    0x0, 0x0, 0x0, 0x69, 0xff, 0xff, 0x9d, 0x0,
    0x0, 0x1, 0xf2, 0xff, 0xff, 0xf, 0x0, 0x0,
    0x0, 0x0, 0x0, 0x96, 0xff, 0xff, 0x70, 0x0,
    0x0, 0x22, 0xff, 0xff, 0xe0, 0x0, 0x0, 0x0,
    0x0, 0x0, 0x0, 0xc3, 0xff, 0xff, 0x43, 0x0,
    0x0, 0x50, 0xff, 0xff, 0xf6, 0x33, 0x0, 0x0,
    0x0, 0x0, 0x0, 0xef, 0xff, 0xff, 0x15, 0x0,
    0x0, 0x7f, 0xff, 0xff, 0xff, 0xe4, 0x1a, 0x0,
    0x0, 0x0, 0x34, 0xff, 0xff, 0xe8, 0x0, 0x0,
    0x0, 0xad, 0xff, 0xff, 0xff, 0xff, 0xcc, 0x58,
    0x58, 0x6a, 0xf1, 0xff, 0xfe, 0x72, 0x0, 0x0,
    0x0, 0xdb, 0xff, 0xff, 0x7d, 0xfc, 0xff, 0xff,
    0xff, 0xff, 0xff, 0xf5, 0x52, 0x0, 0x0, 0x0,
    0xb, 0xfd, 0xff, 0xf9, 0x4, 0x61, 0xfe, 0xff,
    0xff, 0xff, 0xe5, 0x32, 0x0, 0x0, 0x0, 0x0,

    /* U+0063 "c" */
    0x0, 0x0, 0x0, 0x4b, 0xf3, 0xff, 0xff, 0xff,
    0xff, 0xff, 0xbd, 0x4, 0x0, 0x0, 0x0, 0x6f,
    0xfd, 0xff, 0xff, 0xff, 0xff, 0xff, 0xff, 0xff,
    0x97, 0x0, 0x0, 0x72, 0xff, 0xff, 0xfd, 0x82,
    0x58, 0x58, 0x59, 0xe1, 0xff, 0xff, 0x6c, 0x0,
    0xb8, 0xff, 0xff, 0x69, 0x0, 0x0, 0x0, 0x0,
    0x4f, 0xff, 0xff, 0xd3, 0x0, 0xe5, 0xff, 0xff,
    0x24, 0x0, 0x0, 0x0, 0x0, 0x54, 0xe0, 0xe0,
    0x93, 0x12, 0xff, 0xff, 0xf5, 0x2, 0x0, 0x0,
    0x0, 0x0, 0x0, 0x0, 0x0, 0x0, 0x3f, 0xff,
    0xff, 0xcb, 0x0, 0x0, 0x0, 0x0, 0x0, 0x0,
    0x0, 0x0, 0x0, 0x6c, 0xff, 0xff, 0x9e, 0x0,
    0x0, 0x0, 0x0, 0x0, 0x0, 0x0, 0x0, 0x0,
    0x9a, 0xff, 0xff, 0x72, 0x0, 0x0, 0x0, 0x0,
    0x0, 0x0, 0x0, 0x0, 0x0, 0xc1, 0xff, 0xff,
    0x6a, 0x0, 0x0, 0x0, 0x0, 0x0, 0x0, 0x0,
    0x0, 0x0, 0x43, 0xfb, 0xff, 0xf3, 0x77, 0x74,
    0x74, 0x74, 0x74, 0x74, 0x74, 0x30, 0x0, 0x0,
    0x6b, 0xff, 0xff, 0xff, 0xff, 0xff, 0xff, 0xff,
    0xff, 0xff, 0x4a, 0x0, 0x0, 0x0, 0x96, 0xff,
    0xff, 0xff, 0xff, 0xff, 0xff, 0xff, 0xff, 0x1e,
    0x0,

    /* U+0064 "d" */
    0x0, 0x0, 0x0, 0x0, 0x0, 0x0, 0x0, 0x0,
    0x0, 0x0, 0x0, 0x0, 0xd8, 0xff, 0xff, 0x30,
    0x0, 0x0, 0x0, 0x0, 0x0, 0x0, 0x0, 0x0,
    0x0, 0x0, 0x0, 0xa, 0xfd, 0xff, 0xfb, 0x6,
    0x0, 0x0, 0x0, 0x0, 0x0, 0x0, 0x0, 0x0,
    0x0, 0x0, 0x0, 0x37, 0xff, 0xff, 0xd4, 0x0,
    0x0, 0x0, 0x0, 0x0, 0x0, 0x0, 0x0, 0x0,
    0x0, 0x0, 0x0, 0x66, 0xff, 0xff, 0xa6, 0x0,
    0x0, 0x0, 0x0, 0x0, 0x0, 0x0, 0x0, 0x0,
    0x0, 0x0, 0x0, 0x95, 0xff, 0xff, 0x77, 0x0,
    0x0, 0x0, 0x0, 0x3c, 0xec, 0xff, 0xff, 0xff,
    0xff, 0xa6, 0x1, 0xc5, 0xff, 0xff, 0x49, 0x0,
    0x0, 0x0, 0x59, 0xf8, 0xff, 0xff, 0xff, 0xff,
    0xff, 0xff, 0x95, 0xf2, 0xff, 0xff, 0x1b, 0x0,
    0x0, 0x5f, 0xfe, 0xff, 0xfe, 0x86, 0x58, 0x58,
    0xad, 0xff, 0xff, 0xff, 0xff, 0xed, 0x0, 0x0,
    0x0, 0xad, 0xff, 0xff, 0x6e, 0x0, 0x0, 0x0,
    0x8, 0xc7, 0xff, 0xff, 0xff, 0xbe, 0x0, 0x0,
    0x0, 0xdb, 0xff, 0xff, 0x27, 0x0, 0x0, 0x0,
    0x0, 0x17, 0xe1, 0xff, 0xff, 0x90, 0x0, 0x0,
    0xa, 0xfd, 0xff, 0xf6, 0x2, 0x0, 0x0, 0x0,
    0x0, 0x0, 0xac, 0xff, 0xff, 0x62, 0x0, 0x0,
    0x36, 0xff, 0xff, 0xcb, 0x0, 0x0, 0x0, 0x0,
    0x0, 0x0, 0xda, 0xff, 0xff, 0x34, 0x0, 0x0,
    0x64, 0xff, 0xff, 0x9e, 0x0, 0x0, 0x0, 0x0,
    0x0, 0x9, 0xfd, 0xff, 0xfc, 0x9, 0x0, 0x0,
    0x91, 0xff, 0xff, 0x70, 0x0, 0x0, 0x0, 0x0,
    0x7, 0xa3, 0xff, 0xff, 0xd7, 0x0, 0x0, 0x0,
    0xbe, 0xff, 0xff, 0x5b, 0x0, 0x0, 0x0, 0x17,
    0xc6, 0xff, 0xff, 0xff, 0xa9, 0x0, 0x0, 0x0,
    0x64, 0xff, 0xff, 0xe9, 0x5c, 0x58, 0x5e, 0xe1,
    0xff, 0xff, 0xff, 0xff, 0x7b, 0x0, 0x0, 0x0,
    0x0, 0x91, 0xff, 0xff, 0xff, 0xff, 0xff, 0xff,
    0xd4, 0xd2, 0xff, 0xff, 0x4d, 0x0, 0x0, 0x0,
    0x0, 0x3, 0xba, 0xff, 0xff, 0xff, 0xff, 0xcc,
    0x13, 0xe9, 0xff, 0xff, 0x1f, 0x0, 0x0, 0x0,

    /* U+0065 "e" */
    0x0, 0x0, 0x0, 0x4b, 0xf3, 0xff, 0xff, 0xff,
    0xff, 0xff, 0xc4, 0x7, 0x0, 0x0, 0x0, 0x6e,
    0xfc, 0xff, 0xff, 0xff, 0xff, 0xff, 0xff, 0xff,
    0xa3, 0x0, 0x0, 0x6d, 0xff, 0xff, 0xfa, 0x7e,
    0x58, 0x58, 0x58, 0xd9, 0xff, 0xff, 0x7c, 0x0,
    0xb2, 0xff, 0xff, 0x5a, 0x0, 0x0, 0x0, 0x0,
    0x44, 0xff, 0xff, 0xd4, 0x0, 0xdf, 0xff, 0xff,
    0x19, 0x0, 0x0, 0x0, 0x0, 0x67, 0xff, 0xff,
    0xa5, 0xd, 0xfe, 0xff, 0xff, 0xff, 0xff, 0xff,
    0xff, 0xff, 0xff, 0xff, 0xff, 0x75, 0x3b, 0xff,
    0xff, 0xff, 0xff, 0xff, 0xff, 0xff, 0xff, 0xff,
    0xff, 0xff, 0x46, 0x69, 0xff, 0xff, 0xae, 0x50,
    0x50, 0x50, 0x50, 0x50, 0x50, 0x50, 0x50, 0xc,
    0x96, 0xff, 0xff, 0x68, 0x0, 0x0, 0x0, 0x0,
    0x0, 0x0, 0x0, 0x0, 0x0, 0xc1, 0xff, 0xff,
    0x72, 0x0, 0x0, 0x0, 0x0, 0x0, 0x0, 0x0,
    0x0, 0x0, 0x50, 0xfe, 0xff, 0xf6, 0x79, 0x74,
    0x74, 0x74, 0x74, 0x74, 0x74, 0x2a, 0x0, 0x0,
    0x80, 0xff, 0xff, 0xff, 0xff, 0xff, 0xff, 0xff,
    0xff, 0xff, 0x3a, 0x0, 0x0, 0x1, 0xae, 0xff,
    0xff, 0xff, 0xff, 0xff, 0xff, 0xff, 0xfe, 0xd,
    0x0,

    /* U+0066 "f" */
    0x0, 0x0, 0x0, 0x0, 0x0, 0x54, 0xf2, 0xff,
    0xff, 0xfb, 0x6, 0x0, 0x0, 0x0, 0x4, 0x8f,
    0xff, 0xff, 0xff, 0xff, 0xd5, 0x0, 0x0, 0x0,
    0x0, 0x47, 0xff, 0xff, 0xff, 0xb3, 0x74, 0x52,
    0x0, 0x0, 0x0, 0x0, 0x77, 0xff, 0xff, 0xa8,
    0x1, 0x0, 0x0, 0x0, 0x0, 0x0, 0x0, 0xa8,
    0xff, 0xff, 0x61, 0x0, 0x0, 0x0, 0x0, 0x0,
    0x0, 0xde, 0xff, 0xff, 0xff, 0xff, 0xff, 0x7d,
    0x0, 0x0, 0x0, 0xa, 0xfd, 0xff, 0xff, 0xff,
    0xff, 0xff, 0x51, 0x0, 0x0, 0x0, 0xc, 0x7e,
    0xff, 0xff, 0xdb, 0x58, 0x58, 0x11, 0x0, 0x0,
    0x0, 0x0, 0x60, 0xff, 0xff, 0xa3, 0x0, 0x0,
    0x0, 0x0, 0x0, 0x0, 0x0, 0x8d, 0xff, 0xff,
    0x76, 0x0, 0x0, 0x0, 0x0, 0x0, 0x0, 0x0,
    0xba, 0xff, 0xff, 0x49, 0x0, 0x0, 0x0, 0x0,
    0x0, 0x0, 0x0, 0xe7, 0xff, 0xff, 0x1c, 0x0,
    0x0, 0x0, 0x0, 0x0, 0x0, 0x14, 0xff, 0xff,
    0xef, 0x0, 0x0, 0x0, 0x0, 0x0, 0x0, 0x0,
    0x41, 0xff, 0xff, 0xc2, 0x0, 0x0, 0x0, 0x0,
    0x0, 0x0, 0x0, 0x6e, 0xff, 0xff, 0x95, 0x0,
    0x0, 0x0, 0x0, 0x0, 0x0, 0x0, 0x9b, 0xff,
    0xff, 0x68, 0x0, 0x0, 0x0, 0x0, 0x0, 0x0,
    0x0, 0xc8, 0xff, 0xff, 0x3b, 0x0, 0x0, 0x0,
    0x0, 0x0, 0x0, 0x1, 0xf3, 0xff, 0xff, 0xf,
    0x0, 0x0, 0x0, 0x0, 0x0, 0x0,

    /* U+0067 "g" */
    0x0, 0x0, 0x0, 0x0, 0x37, 0xe9, 0xff, 0xff,
    0xff, 0xff, 0xaa, 0x2, 0xcb, 0xff, 0xff, 0x3d,
    0x0, 0x0, 0x0, 0x53, 0xf6, 0xff, 0xff, 0xff,
    0xff, 0xff, 0xff, 0x9b, 0xf4, 0xff, 0xff, 0x11,
    0x0, 0x0, 0x57, 0xfe, 0xff, 0xfe, 0x89, 0x58,
    0x58, 0xa8, 0xff, 0xff, 0xff, 0xff, 0xe5, 0x0,
    0x0, 0x0, 0xa5, 0xff, 0xff, 0x75, 0x0, 0x0,
    0x0, 0x6, 0xc3, 0xff, 0xff, 0xff, 0xb9, 0x0,
    0x0, 0x0, 0xd3, 0xff, 0xff, 0x2f, 0x0, 0x0,
    0x0, 0x0, 0x15, 0xdf, 0xff, 0xff, 0x8c, 0x0,
    0x0, 0x5, 0xfa, 0xff, 0xfa, 0x6, 0x0, 0x0,
    0x0, 0x0, 0x0, 0xad, 0xff, 0xff, 0x60, 0x0,
    0x0, 0x2e, 0xff, 0xff, 0xd3, 0x0, 0x0, 0x0,
    0x0, 0x0, 0x0, 0xd9, 0xff, 0xff, 0x34, 0x0,
    0x0, 0x5c, 0xff, 0xff, 0xa6, 0x0, 0x0, 0x0,
    0x0, 0x0, 0x9, 0xfd, 0xff, 0xfd, 0xa, 0x0,
    0x0, 0x89, 0xff, 0xff, 0x78, 0x0, 0x0, 0x0,
    0x0, 0x5, 0x9c, 0xff, 0xff, 0xdb, 0x0, 0x0,
    0x0, 0xb6, 0xff, 0xff, 0x63, 0x0, 0x0, 0x0,
    0x13, 0xc0, 0xff, 0xff, 0xff, 0xaf, 0x0, 0x0,
    0x0, 0x5c, 0xff, 0xff, 0xed, 0x5e, 0x58, 0x5d,
    0xdd, 0xff, 0xff, 0xff, 0xff, 0x83, 0x0, 0x0,
    0x0, 0x0, 0x89, 0xff, 0xff, 0xff, 0xff, 0xff,
    0xff, 0xd7, 0xd1, 0xff, 0xff, 0x57, 0x0, 0x0,
    0x0, 0x0, 0x2, 0xb3, 0xff, 0xff, 0xff, 0xff,
    0xd0, 0x15, 0xe0, 0xff, 0xff, 0x2a, 0x0, 0x0,
    0x0, 0x0, 0x0, 0x0, 0x0, 0x0, 0x0, 0x0,
    0x0, 0xa, 0xfe, 0xff, 0xf9, 0x4, 0x0, 0x0,
    0x0, 0x0, 0x0, 0x0, 0x0, 0x0, 0x0, 0x0,
    0x0, 0x63, 0xff, 0xff, 0xd2, 0x0, 0x0, 0x0,
    0x0, 0x64, 0x74, 0x74, 0x74, 0x74, 0x74, 0x74,
    0x8d, 0xfe, 0xff, 0xf9, 0x58, 0x0, 0x0, 0x0,
    0x4, 0xf9, 0xff, 0xff, 0xff, 0xff, 0xff, 0xff,
    0xff, 0xff, 0xed, 0x3e, 0x0, 0x0, 0x0, 0x0,
    0x2a, 0xff, 0xff, 0xff, 0xff, 0xff, 0xff, 0xff,
    0xff, 0xdb, 0x26, 0x0, 0x0, 0x0, 0x0, 0x0,

    /* U+0068 "h" */
    0x0, 0x0, 0x0, 0x2, 0xf5, 0xff, 0xff, 0x10,
    0x0, 0x0, 0x0, 0x0, 0x0, 0x0, 0x0, 0x0,
    0x0, 0x0, 0x0, 0x26, 0xff, 0xff, 0xdf, 0x0,
    0x0, 0x0, 0x0, 0x0, 0x0, 0x0, 0x0, 0x0,
    0x0, 0x0, 0x0, 0x54, 0xff, 0xff, 0xaf, 0x0,
    0x0, 0x0, 0x0, 0x0, 0x0, 0x0, 0x0, 0x0,
    0x0, 0x0, 0x0, 0x82, 0xff, 0xff, 0x7f, 0x0,
    0x0, 0x0, 0x0, 0x0, 0x0, 0x0, 0x0, 0x0,
    0x0, 0x0, 0x0, 0xb0, 0xff, 0xff, 0x4f, 0x0,
    0x0, 0x0, 0x0, 0x0, 0x0, 0x0, 0x0, 0x0,
    0x0, 0x0, 0x0, 0xdf, 0xff, 0xff, 0x26, 0xac,
    0xff, 0xff, 0xff, 0xff, 0xd5, 0x10, 0x0, 0x0,
    0x0, 0x0, 0xd, 0xfe, 0xff, 0xf7, 0xbd, 0xff,
    0xff, 0xff, 0xff, 0xff, 0xff, 0xbd, 0x5, 0x0,
    0x0, 0x0, 0x3b, 0xff, 0xff, 0xff, 0xff, 0xf4,
    0x6e, 0x58, 0x58, 0xc6, 0xff, 0xff, 0x9f, 0x0,
    0x0, 0x0, 0x69, 0xff, 0xff, 0xff, 0xe3, 0x30,
    0x0, 0x0, 0x0, 0x28, 0xff, 0xff, 0xf3, 0x1,
    0x0, 0x0, 0x98, 0xff, 0xff, 0xca, 0x18, 0x0,
    0x0, 0x0, 0x0, 0x3b, 0xff, 0xff, 0xc7, 0x0,
    0x0, 0x0, 0xc6, 0xff, 0xff, 0x3b, 0x0, 0x0,
    0x0, 0x0, 0x0, 0x69, 0xff, 0xff, 0x9a, 0x0,
    0x0, 0x1, 0xf2, 0xff, 0xff, 0xf, 0x0, 0x0,
    0x0, 0x0, 0x0, 0x97, 0xff, 0xff, 0x6c, 0x0,
    0x0, 0x22, 0xff, 0xff, 0xe0, 0x0, 0x0, 0x0,
    0x0, 0x0, 0x0, 0xc4, 0xff, 0xff, 0x3f, 0x0,
    0x0, 0x50, 0xff, 0xff, 0xb3, 0x0, 0x0, 0x0,
    0x0, 0x0, 0x0, 0xf0, 0xff, 0xff, 0x12, 0x0,
    0x0, 0x7f, 0xff, 0xff, 0x86, 0x0, 0x0, 0x0,
    0x0, 0x0, 0x20, 0xff, 0xff, 0xe5, 0x0, 0x0,
    0x0, 0xad, 0xff, 0xff, 0x58, 0x0, 0x0, 0x0,
    0x0, 0x0, 0x4e, 0xff, 0xff, 0xb8, 0x0, 0x0,
    0x0, 0xdb, 0xff, 0xff, 0x2b, 0x0, 0x0, 0x0,
    0x0, 0x0, 0x7c, 0xff, 0xff, 0x8b, 0x0, 0x0,
    0xb, 0xfd, 0xff, 0xf9, 0x4, 0x0, 0x0, 0x0,
    0x0, 0x0, 0xa9, 0xff, 0xff, 0x5e, 0x0, 0x0,

    /* U+0069 "i" */
    0x0, 0x0, 0x0, 0x1, 0x1c, 0x1c, 0x1a, 0x0,
    0x0, 0x0, 0x27, 0xff, 0xff, 0xdc, 0x0, 0x0,
    0x0, 0x54, 0xff, 0xff, 0xaf, 0x0, 0x0, 0x0,
    0x81, 0xff, 0xff, 0x82, 0x0, 0x0, 0x0, 0x0,
    0x0, 0x0, 0x0, 0x0, 0x0, 0x0, 0xee, 0xff,
    0xff, 0x14, 0x0, 0x0, 0x1d, 0xff, 0xff, 0xe7,
    0x0, 0x0, 0x0, 0x4a, 0xff, 0xff, 0xba, 0x0,
    0x0, 0x0, 0x78, 0xff, 0xff, 0x8d, 0x0, 0x0,
    0x0, 0xa5, 0xff, 0xff, 0x60, 0x0, 0x0, 0x0,
    0xd3, 0xff, 0xff, 0x32, 0x0, 0x0, 0x5, 0xfa,
    0xff, 0xfc, 0x8, 0x0, 0x0, 0x2e, 0xff, 0xff,
    0xd8, 0x0, 0x0, 0x0, 0x5b, 0xff, 0xff, 0xab,
    0x0, 0x0, 0x0, 0x89, 0xff, 0xff, 0x7d, 0x0,
    0x0, 0x0, 0xb6, 0xff, 0xff, 0x50, 0x0, 0x0,
    0x0, 0xe4, 0xff, 0xff, 0x23, 0x0, 0x0, 0x11,
    0xff, 0xff, 0xf4, 0x1, 0x0, 0x0,

    /* U+006A "j" */
    0x0, 0x0, 0x0, 0x0, 0x0, 0x0, 0x0, 0x15,
    0x1c, 0x1c, 0x7, 0x0, 0x0, 0x0, 0x0, 0x0,
    0x0, 0x0, 0xdb, 0xff, 0xff, 0x2b, 0x0, 0x0,
    0x0, 0x0, 0x0, 0x0, 0xa, 0xfd, 0xff, 0xf8,
    0x4, 0x0, 0x0, 0x0, 0x0, 0x0, 0x0, 0x35,
    0xff, 0xff, 0xcf, 0x0, 0x0, 0x0, 0x0, 0x0,
    0x0, 0x0, 0x0, 0x0, 0x0, 0x0, 0x0, 0x0,
    0x0, 0x0, 0x0, 0x0, 0x0, 0xa3, 0xff, 0xff,
    0x61, 0x0, 0x0, 0x0, 0x0, 0x0, 0x0, 0x0,
    0xcf, 0xff, 0xff, 0x34, 0x0, 0x0, 0x0, 0x0,
    0x0, 0x0, 0x3, 0xf7, 0xff, 0xfd, 0xa, 0x0,
    0x0, 0x0, 0x0, 0x0, 0x0, 0x27, 0xff, 0xff,
    0xdb, 0x0, 0x0, 0x0, 0x0, 0x0, 0x0, 0x0,
    0x54, 0xff, 0xff, 0xaf, 0x0, 0x0, 0x0, 0x0,
    0x0, 0x0, 0x0, 0x80, 0xff, 0xff, 0x82, 0x0,
    0x0, 0x0, 0x0, 0x0, 0x0, 0x0, 0xac, 0xff,
    0xff, 0x55, 0x0, 0x0, 0x0, 0x0, 0x0, 0x0,
    0x0, 0xd8, 0xff, 0xff, 0x29, 0x0, 0x0, 0x0,
    0x0, 0x0, 0x0, 0x8, 0xfc, 0xff, 0xf8, 0x4,
    0x0, 0x0, 0x0, 0x0, 0x0, 0x0, 0x31, 0xff,
    0xff, 0xd0, 0x0, 0x0, 0x0, 0x0, 0x0, 0x0,
    0x0, 0x5d, 0xff, 0xff, 0xa3, 0x0, 0x0, 0x0,
    0x0, 0x0, 0x0, 0x0, 0x8a, 0xff, 0xff, 0x76,
    0x0, 0x0, 0x0, 0x0, 0x0, 0x0, 0x0, 0xb6,
    0xff, 0xff, 0x4a, 0x0, 0x0, 0x0, 0x0, 0x0,
    0x0, 0x0, 0xe2, 0xff, 0xff, 0x1d, 0x0, 0x0,
    0x0, 0x0, 0x0, 0x0, 0x33, 0xff, 0xff, 0xf0,
    0x0, 0x0, 0x0, 0x0, 0x16, 0x74, 0x7c, 0xf3,
    0xff, 0xff, 0xc2, 0x0, 0x0, 0x0, 0x0, 0x52,
    0xff, 0xff, 0xff, 0xff, 0xd3, 0x20, 0x0, 0x0,
    0x0, 0x0, 0x7e, 0xff, 0xff, 0xff, 0xb4, 0xd,
    0x0, 0x0, 0x0, 0x0, 0x0,

    /* U+006B "k" */
    0x0, 0x0, 0x0, 0x2, 0xf5, 0xff, 0xff, 0x10,
    0x0, 0x0, 0x0, 0x0, 0x0, 0x0, 0x0, 0x0,
    0x0, 0x0, 0x0, 0x26, 0xff, 0xff, 0xe0, 0x0,
    0x0, 0x0, 0x0, 0x0, 0x0, 0x0, 0x0, 0x0,
    0x0, 0x0, 0x0, 0x54, 0xff, 0xff, 0xb0, 0x0,
    0x0, 0x0, 0x0, 0x0, 0x0, 0x0, 0x0, 0x0,
    0x0, 0x0, 0x0, 0x82, 0xff, 0xff, 0x81, 0x0,
    0x0, 0x0, 0x0, 0x0, 0x0, 0x0, 0x0, 0x0,
    0x0, 0x0, 0x0, 0xb0, 0xff, 0xff, 0x51, 0x0,
    0x0, 0x0, 0x0, 0x0, 0x0, 0x0, 0x0, 0x0,
    0x0, 0x0, 0x0, 0xdf, 0xff, 0xff, 0x22, 0x0,
    0x0, 0x13, 0xc3, 0xff, 0xff, 0xfe, 0x7d, 0x0,
    0x0, 0x0, 0xd, 0xfe, 0xff, 0xf1, 0x1, 0x0,
    0x28, 0xdc, 0xff, 0xff, 0xf7, 0x57, 0x0, 0x0,
    0x0, 0x0, 0x3b, 0xff, 0xff, 0xc3, 0x0, 0x43,
    0xef, 0xff, 0xff, 0xe8, 0x37, 0x0, 0x0, 0x0,
    0x0, 0x0, 0x69, 0xff, 0xff, 0x9d, 0x66, 0xfb,
    0xff, 0xff, 0xd3, 0x1f, 0x0, 0x0, 0x0, 0x0,
    0x0, 0x0, 0x98, 0xff, 0xff, 0xff, 0xff, 0xff,
    0xff, 0xb6, 0xd, 0x0, 0x0, 0x0, 0x0, 0x0,
    0x0, 0x0, 0xc6, 0xff, 0xff, 0xff, 0xff, 0xff,
    0xb0, 0x3, 0x0, 0x0, 0x0, 0x0, 0x0, 0x0,
    0x0, 0x1, 0xf2, 0xff, 0xff, 0xff, 0xff, 0xff,
    0xe1, 0x9, 0x0, 0x0, 0x0, 0x0, 0x0, 0x0,
    0x0, 0x22, 0xff, 0xff, 0xff, 0xf2, 0xdc, 0xff,
    0xff, 0x7e, 0x0, 0x0, 0x0, 0x0, 0x0, 0x0,
    0x0, 0x50, 0xff, 0xff, 0xe1, 0x2b, 0x40, 0xff,
    0xff, 0xf5, 0x1c, 0x0, 0x0, 0x0, 0x0, 0x0,
    0x0, 0x7f, 0xff, 0xff, 0x82, 0x0, 0x0, 0xaf,
    0xff, 0xff, 0xa6, 0x0, 0x0, 0x0, 0x0, 0x0,
    0x0, 0xad, 0xff, 0xff, 0x56, 0x0, 0x0, 0x24,
    0xf9, 0xff, 0xff, 0x3b, 0x0, 0x0, 0x0, 0x0,
    0x0, 0xdb, 0xff, 0xff, 0x2a, 0x0, 0x0, 0x0,
    0x8d, 0xff, 0xff, 0xcb, 0x1, 0x0, 0x0, 0x0,
    0xb, 0xfd, 0xff, 0xf9, 0x4, 0x0, 0x0, 0x0,
    0x10, 0xec, 0xff, 0xff, 0x62, 0x0, 0x0, 0x0,

    /* U+006C "l" */
    0x0, 0x0, 0x0, 0x2, 0xf5, 0xff, 0xff, 0x10,
    0x0, 0x0, 0x0, 0x26, 0xff, 0xff, 0xe2, 0x0,
    0x0, 0x0, 0x0, 0x54, 0xff, 0xff, 0xb4, 0x0,
    0x0, 0x0, 0x0, 0x82, 0xff, 0xff, 0x86, 0x0,
    0x0, 0x0, 0x0, 0xb0, 0xff, 0xff, 0x57, 0x0,
    0x0, 0x0, 0x0, 0xdf, 0xff, 0xff, 0x29, 0x0,
    0x0, 0x0, 0xd, 0xfe, 0xff, 0xf7, 0x3, 0x0,
    0x0, 0x0, 0x3b, 0xff, 0xff, 0xcd, 0x0, 0x0,
    0x0, 0x0, 0x69, 0xff, 0xff, 0x9e, 0x0, 0x0,
    0x0, 0x0, 0x98, 0xff, 0xff, 0x70, 0x0, 0x0,
    0x0, 0x0, 0xc6, 0xff, 0xff, 0x42, 0x0, 0x0,
    0x0, 0x1, 0xf2, 0xff, 0xff, 0x14, 0x0, 0x0,
    0x0, 0x22, 0xff, 0xff, 0xe6, 0x0, 0x0, 0x0,
    0x0, 0x50, 0xff, 0xff, 0xb7, 0x0, 0x0, 0x0,
    0x0, 0x7f, 0xff, 0xff, 0x89, 0x0, 0x0, 0x0,
    0x0, 0xad, 0xff, 0xff, 0x5b, 0x0, 0x0, 0x0,
    0x0, 0xdb, 0xff, 0xff, 0x2d, 0x0, 0x0, 0x0,
    0xb, 0xfd, 0xff, 0xf9, 0x5, 0x0, 0x0, 0x0,

    /* U+006D "m" */
    0x0, 0x0, 0x0, 0xeb, 0xff, 0xff, 0x1c, 0x4d,
    0xf6, 0xff, 0xff, 0xff, 0xfd, 0x4f, 0x0, 0x0,
    0x19, 0xd2, 0xff, 0xff, 0xff, 0xff, 0xa6, 0x1,
    0x0, 0x0, 0x0, 0x18, 0xff, 0xff, 0xee, 0x61,
    0xfb, 0xff, 0xff, 0xff, 0xff, 0xff, 0xf5, 0x33,
    0x24, 0xde, 0xff, 0xff, 0xff, 0xff, 0xff, 0xff,
    0x87, 0x0, 0x0, 0x0, 0x45, 0xff, 0xff, 0xf8,
    0xff, 0xff, 0xa9, 0x58, 0x58, 0x83, 0xff, 0xff,
    0xe7, 0xe8, 0xff, 0xde, 0x5d, 0x58, 0x5c, 0xec,
    0xff, 0xff, 0x67, 0x0, 0x0, 0x72, 0xff, 0xff,
    0xff, 0xfe, 0x7f, 0x0, 0x0, 0x0, 0x0, 0xc4,
    0xff, 0xff, 0xff, 0xc4, 0x15, 0x0, 0x0, 0x0,
    0x68, 0xff, 0xff, 0xbc, 0x0, 0x0, 0xa0, 0xff,
    0xff, 0xf6, 0x55, 0x0, 0x0, 0x0, 0x0, 0x0,
    0xd6, 0xff, 0xff, 0xa3, 0x7, 0x0, 0x0, 0x0,
    0x0, 0x7a, 0xff, 0xff, 0x8e, 0x0, 0x0, 0xcd,
    0xff, 0xff, 0x4c, 0x0, 0x0, 0x0, 0x0, 0x0,
    0x7, 0xfb, 0xff, 0xfd, 0x9, 0x0, 0x0, 0x0,
    0x0, 0x0, 0xa7, 0xff, 0xff, 0x61, 0x0, 0x3,
    0xf7, 0xff, 0xfe, 0xd, 0x0, 0x0, 0x0, 0x0,
    0x0, 0x30, 0xff, 0xff, 0xd9, 0x0, 0x0, 0x0,
    0x0, 0x0, 0x0, 0xd4, 0xff, 0xff, 0x33, 0x0,
    0x27, 0xff, 0xff, 0xdf, 0x0, 0x0, 0x0, 0x0,
    0x0, 0x0, 0x5d, 0xff, 0xff, 0xac, 0x0, 0x0,
    0x0, 0x0, 0x0, 0x6, 0xfa, 0xff, 0xfc, 0x9,
    0x0, 0x55, 0xff, 0xff, 0xb2, 0x0, 0x0, 0x0,
    0x0, 0x0, 0x0, 0x8a, 0xff, 0xff, 0x7f, 0x0,
    0x0, 0x0, 0x0, 0x0, 0x2e, 0xff, 0xff, 0xd8,
    0x0, 0x0, 0x82, 0xff, 0xff, 0x85, 0x0, 0x0,
    0x0, 0x0, 0x0, 0x0, 0xb7, 0xff, 0xff, 0x51,
    0x0, 0x0, 0x0, 0x0, 0x0, 0x5b, 0xff, 0xff,
    0xab, 0x0, 0x0, 0xaf, 0xff, 0xff, 0x58, 0x0,
    0x0, 0x0, 0x0, 0x0, 0x0, 0xe4, 0xff, 0xff,
    0x24, 0x0, 0x0, 0x0, 0x0, 0x0, 0x88, 0xff,
    0xff, 0x7d, 0x0, 0x0, 0xdc, 0xff, 0xff, 0x2b,
    0x0, 0x0, 0x0, 0x0, 0x0, 0x11, 0xff, 0xff,
    0xf5, 0x2, 0x0, 0x0, 0x0, 0x0, 0x0, 0xb5,
    0xff, 0xff, 0x50, 0x0, 0xb, 0xfe, 0xff, 0xf9,
    0x4, 0x0, 0x0, 0x0, 0x0, 0x0, 0x3e, 0xff,
    0xff, 0xca, 0x0, 0x0, 0x0, 0x0, 0x0, 0x0,
    0xe2, 0xff, 0xff, 0x22, 0x0,

    /* U+006E "n" */
    0x0, 0x0, 0x0, 0xeb, 0xff, 0xff, 0x1c, 0x4d,
    0xf6, 0xff, 0xff, 0xff, 0xfd, 0x51, 0x0, 0x0,
    0x0, 0x0, 0x18, 0xff, 0xff, 0xee, 0x61, 0xfb,
    0xff, 0xff, 0xff, 0xff, 0xff, 0xf6, 0x36, 0x0,
    0x0, 0x0, 0x45, 0xff, 0xff, 0xf8, 0xff, 0xff,
    0xa9, 0x58, 0x58, 0x83, 0xff, 0xff, 0xe9, 0x22,
    0x0, 0x0, 0x72, 0xff, 0xff, 0xff, 0xfe, 0x7f,
    0x0, 0x0, 0x0, 0x0, 0xc4, 0xff, 0xff, 0x60,
    0x0, 0x0, 0xa0, 0xff, 0xff, 0xf6, 0x55, 0x0,
    0x0, 0x0, 0x0, 0x0, 0xd6, 0xff, 0xff, 0x33,
    0x0, 0x0, 0xcd, 0xff, 0xff, 0x4c, 0x0, 0x0,
    0x0, 0x0, 0x0, 0x7, 0xfb, 0xff, 0xfc, 0x9,
    0x0, 0x3, 0xf7, 0xff, 0xfe, 0xd, 0x0, 0x0,
    0x0, 0x0, 0x0, 0x30, 0xff, 0xff, 0xd8, 0x0,
    0x0, 0x27, 0xff, 0xff, 0xdf, 0x0, 0x0, 0x0,
    0x0, 0x0, 0x0, 0x5d, 0xff, 0xff, 0xab, 0x0,
    0x0, 0x55, 0xff, 0xff, 0xb2, 0x0, 0x0, 0x0,
    0x0, 0x0, 0x0, 0x8a, 0xff, 0xff, 0x7e, 0x0,
    0x0, 0x82, 0xff, 0xff, 0x85, 0x0, 0x0, 0x0,
    0x0, 0x0, 0x0, 0xb7, 0xff, 0xff, 0x51, 0x0,
    0x0, 0xaf, 0xff, 0xff, 0x58, 0x0, 0x0, 0x0,
    0x0, 0x0, 0x0, 0xe4, 0xff, 0xff, 0x24, 0x0,
    0x0, 0xdc, 0xff, 0xff, 0x2b, 0x0, 0x0, 0x0,
    0x0, 0x0, 0x11, 0xff, 0xff, 0xf5, 0x2, 0x0,
    0xb, 0xfe, 0xff, 0xf9, 0x4, 0x0, 0x0, 0x0,
    0x0, 0x0, 0x3e, 0xff, 0xff, 0xca, 0x0, 0x0,

    /* U+006F "o" */
    0x0, 0x0, 0x0, 0x46, 0xf0, 0xff, 0xff, 0xff,
    0xff, 0xff, 0xff, 0x5c, 0x0, 0x0, 0x0, 0x0,
    0x68, 0xfb, 0xff, 0xff, 0xff, 0xff, 0xff, 0xff,
    0xff, 0xf7, 0x34, 0x0, 0x0, 0x6a, 0xff, 0xff,
    0xfe, 0x86, 0x58, 0x58, 0x58, 0x7e, 0xff, 0xff,
    0xe3, 0x18, 0x0, 0xb0, 0xff, 0xff, 0x6e, 0x0,
    0x0, 0x0, 0x0, 0x0, 0xb3, 0xff, 0xff, 0x64,
    0x0, 0xde, 0xff, 0xff, 0x27, 0x0, 0x0, 0x0,
    0x0, 0x0, 0xc9, 0xff, 0xff, 0x38, 0xc, 0xfe,
    0xff, 0xf6, 0x2, 0x0, 0x0, 0x0, 0x0, 0x2,
    0xf4, 0xff, 0xfe, 0xd, 0x38, 0xff, 0xff, 0xcb,
    0x0, 0x0, 0x0, 0x0, 0x0, 0x25, 0xff, 0xff,
    0xde, 0x0, 0x66, 0xff, 0xff, 0x9e, 0x0, 0x0,
    0x0, 0x0, 0x0, 0x53, 0xff, 0xff, 0xb2, 0x0,
    0x93, 0xff, 0xff, 0x70, 0x0, 0x0, 0x0, 0x0,
    0x0, 0x81, 0xff, 0xff, 0x85, 0x0, 0xbf, 0xff,
    0xff, 0x5a, 0x0, 0x0, 0x0, 0x0, 0x2, 0xbf,
    0xff, 0xff, 0x58, 0x0, 0x5d, 0xff, 0xff, 0xe7,
    0x54, 0x50, 0x50, 0x50, 0xb3, 0xff, 0xff, 0xf4,
    0x22, 0x0, 0x0, 0x8a, 0xff, 0xff, 0xff, 0xff,
    0xff, 0xff, 0xff, 0xff, 0xe3, 0x31, 0x0, 0x0,
    0x0, 0x2, 0xb3, 0xff, 0xff, 0xff, 0xff, 0xff,
    0xff, 0xca, 0x19, 0x0, 0x0, 0x0,

    /* U+0070 "p" */
    0x0, 0x0, 0x0, 0xea, 0xff, 0xff, 0x23, 0xac,
    0xff, 0xff, 0xff, 0xff, 0xf9, 0x3b, 0x0, 0x0,
    0x0, 0x0, 0x17, 0xff, 0xff, 0xf6, 0xbc, 0xff,
    0xff, 0xff, 0xff, 0xff, 0xff, 0xe9, 0x1d, 0x0,
    0x0, 0x0, 0x43, 0xff, 0xff, 0xff, 0xff, 0xf4,
    0x6e, 0x58, 0x58, 0xca, 0xff, 0xff, 0xce, 0x5,
    0x0, 0x0, 0x70, 0xff, 0xff, 0xff, 0xe3, 0x30,
    0x0, 0x0, 0x0, 0x27, 0xff, 0xff, 0xf5, 0x2,
    0x0, 0x0, 0x9c, 0xff, 0xff, 0xca, 0x18, 0x0,
    0x0, 0x0, 0x0, 0x3c, 0xff, 0xff, 0xca, 0x0,
    0x0, 0x0, 0xc9, 0xff, 0xff, 0x3b, 0x0, 0x0,
    0x0, 0x0, 0x0, 0x69, 0xff, 0xff, 0x9d, 0x0,
    0x0, 0x1, 0xf3, 0xff, 0xff, 0xf, 0x0, 0x0,
    0x0, 0x0, 0x0, 0x96, 0xff, 0xff, 0x70, 0x0,
    0x0, 0x22, 0xff, 0xff, 0xe0, 0x0, 0x0, 0x0,
    0x0, 0x0, 0x0, 0xc3, 0xff, 0xff, 0x43, 0x0,
    0x0, 0x4e, 0xff, 0xff, 0xf6, 0x33, 0x0, 0x0,
    0x0, 0x0, 0x0, 0xef, 0xff, 0xff, 0x15, 0x0,
    0x0, 0x7b, 0xff, 0xff, 0xff, 0xe4, 0x1a, 0x0,
    0x0, 0x0, 0x34, 0xff, 0xff, 0xe8, 0x0, 0x0,
    0x0, 0xa7, 0xff, 0xff, 0xff, 0xff, 0xcc, 0x58,
    0x58, 0x6a, 0xf1, 0xff, 0xfe, 0x72, 0x0, 0x0,
    0x0, 0xd3, 0xff, 0xff, 0x7e, 0xfc, 0xff, 0xff,
    0xff, 0xff, 0xff, 0xf5, 0x52, 0x0, 0x0, 0x0,
    0x5, 0xfa, 0xff, 0xfa, 0x5, 0x61, 0xfe, 0xff,
    0xff, 0xff, 0xe5, 0x32, 0x0, 0x0, 0x0, 0x0,
    0x2c, 0xff, 0xff, 0xd5, 0x0, 0x0, 0x0, 0x0,
    0x0, 0x0, 0x0, 0x0, 0x0, 0x0, 0x0, 0x0,
    0x59, 0xff, 0xff, 0xaa, 0x0, 0x0, 0x0, 0x0,
    0x0, 0x0, 0x0, 0x0, 0x0, 0x0, 0x0, 0x0,
    0x85, 0xff, 0xff, 0x7f, 0x0, 0x0, 0x0, 0x0,
    0x0, 0x0, 0x0, 0x0, 0x0, 0x0, 0x0, 0x0,
    0xb2, 0xff, 0xff, 0x54, 0x0, 0x0, 0x0, 0x0,
    0x0, 0x0, 0x0, 0x0, 0x0, 0x0, 0x0, 0x0,
    0xde, 0xff, 0xff, 0x29, 0x0, 0x0, 0x0, 0x0,
    0x0, 0x0, 0x0, 0x0, 0x0, 0x0, 0x0, 0x0,

    /* U+0071 "q" */
    0x0, 0x0, 0x0, 0x3f, 0xed, 0xff, 0xff, 0xff,
    0xff, 0xa0, 0x1, 0xca, 0xff, 0xff, 0x3d, 0x0,
    0x0, 0x5e, 0xf9, 0xff, 0xff, 0xff, 0xff, 0xff,
    0xff, 0x90, 0xf3, 0xff, 0xff, 0x11, 0x0, 0x66,
    0xff, 0xff, 0xfd, 0x82, 0x58, 0x58, 0xaf, 0xff,
    0xff, 0xff, 0xff, 0xe4, 0x0, 0x0, 0xb4, 0xff,
    0xff, 0x69, 0x0, 0x0, 0x0, 0x9, 0xcb, 0xff,
    0xff, 0xff, 0xb8, 0x0, 0x0, 0xe2, 0xff, 0xff,
    0x22, 0x0, 0x0, 0x0, 0x0, 0x1a, 0xe4, 0xff,
    0xff, 0x8b, 0x0, 0xf, 0xff, 0xff, 0xf2, 0x1,
    0x0, 0x0, 0x0, 0x0, 0x0, 0xaa, 0xff, 0xff,
    0x5f, 0x0, 0x3c, 0xff, 0xff, 0xc5, 0x0, 0x0,
    0x0, 0x0, 0x0, 0x0, 0xd6, 0xff, 0xff, 0x32,
    0x0, 0x69, 0xff, 0xff, 0x97, 0x0, 0x0, 0x0,
    0x0, 0x0, 0x5, 0xfb, 0xff, 0xfd, 0x9, 0x0,
    0x96, 0xff, 0xff, 0x69, 0x0, 0x0, 0x0, 0x0,
    0x7, 0xa1, 0xff, 0xff, 0xd9, 0x0, 0x0, 0xc3,
    0xff, 0xff, 0x54, 0x0, 0x0, 0x0, 0x18, 0xc8,
    0xff, 0xff, 0xff, 0xad, 0x0, 0x0, 0x68, 0xff,
    0xff, 0xe6, 0x5b, 0x58, 0x60, 0xe4, 0xff, 0xff,
    0xff, 0xff, 0x81, 0x0, 0x0, 0x0, 0x95, 0xff,
    0xff, 0xff, 0xff, 0xff, 0xff, 0xd0, 0xcf, 0xff,
    0xff, 0x54, 0x0, 0x0, 0x0, 0x4, 0xbd, 0xff,
    0xff, 0xff, 0xff, 0xc9, 0x11, 0xe6, 0xff, 0xff,
    0x28, 0x0, 0x0, 0x0, 0x0, 0x0, 0x0, 0x0,
    0x0, 0x0, 0x0, 0x11, 0xff, 0xff, 0xf8, 0x3,
    0x0, 0x0, 0x0, 0x0, 0x0, 0x0, 0x0, 0x0,
    0x0, 0x0, 0x3c, 0xff, 0xff, 0xcf, 0x0, 0x0,
    0x0, 0x0, 0x0, 0x0, 0x0, 0x0, 0x0, 0x0,
    0x0, 0x68, 0xff, 0xff, 0xa2, 0x0, 0x0, 0x0,
    0x0, 0x0, 0x0, 0x0, 0x0, 0x0, 0x0, 0x0,
    0x93, 0xff, 0xff, 0x76, 0x0, 0x0, 0x0, 0x0,
    0x0, 0x0, 0x0, 0x0, 0x0, 0x0, 0x0, 0xbe,
    0xff, 0xff, 0x4a, 0x0, 0x0, 0x0,

    /* U+0072 "r" */
    0x0, 0x0, 0x0, 0xeb, 0xff, 0xff, 0x1c, 0x4d,
    0xf6, 0xff, 0xff, 0x68, 0x0, 0x0, 0x18, 0xff,
    0xff, 0xee, 0x61, 0xfb, 0xff, 0xff, 0xff, 0x3b,
    0x0, 0x0, 0x45, 0xff, 0xff, 0xf8, 0xff, 0xff,
    0xff, 0xff, 0xff, 0xf, 0x0, 0x0, 0x72, 0xff,
    0xff, 0xff, 0xfe, 0x7b, 0x4, 0x4, 0x3, 0x0,
    0x0, 0x0, 0xa0, 0xff, 0xff, 0xf5, 0x53, 0x0,
    0x0, 0x0, 0x0, 0x0, 0x0, 0x0, 0xcd, 0xff,
    0xff, 0x4c, 0x0, 0x0, 0x0, 0x0, 0x0, 0x0,
    0x0, 0x3, 0xf7, 0xff, 0xfe, 0xd, 0x0, 0x0,
    0x0, 0x0, 0x0, 0x0, 0x0, 0x27, 0xff, 0xff,
    0xdf, 0x0, 0x0, 0x0, 0x0, 0x0, 0x0, 0x0,
    0x0, 0x55, 0xff, 0xff, 0xb2, 0x0, 0x0, 0x0,
    0x0, 0x0, 0x0, 0x0, 0x0, 0x82, 0xff, 0xff,
    0x85, 0x0, 0x0, 0x0, 0x0, 0x0, 0x0, 0x0,
    0x0, 0xaf, 0xff, 0xff, 0x58, 0x0, 0x0, 0x0,
    0x0, 0x0, 0x0, 0x0, 0x0, 0xdc, 0xff, 0xff,
    0x2b, 0x0, 0x0, 0x0, 0x0, 0x0, 0x0, 0x0,
    0xb, 0xfe, 0xff, 0xf9, 0x4, 0x0, 0x0, 0x0,
    0x0, 0x0, 0x0, 0x0,

    /* U+0073 "s" */
    0x0, 0x0, 0x0, 0x7a, 0xfe, 0xff, 0xff, 0xff,
    0xff, 0xff, 0xff, 0xbd, 0x0, 0x7, 0xa3, 0xff,
    0xff, 0xff, 0xff, 0xff, 0xff, 0xff, 0xff, 0x92,
    0x0, 0xb9, 0xff, 0xff, 0xe8, 0x7b, 0x78, 0x78,
    0x78, 0x78, 0x78, 0x35, 0x7, 0xfb, 0xff, 0xfd,
    0x1e, 0x0, 0x0, 0x0, 0x0, 0x0, 0x0, 0x0,
    0x1c, 0xfc, 0xff, 0xf9, 0x2c, 0x0, 0x0, 0x0,
    0x0, 0x0, 0x0, 0x0, 0x0, 0x6e, 0xff, 0xff,
    0xff, 0xff, 0xff, 0xff, 0xff, 0xd1, 0xb, 0x0,
    0x0, 0x0, 0x97, 0xff, 0xff, 0xff, 0xff, 0xff,
    0xff, 0xff, 0xaf, 0x1, 0x0, 0x0, 0x4, 0x60,
    0x64, 0x64, 0x64, 0x64, 0xd3, 0xff, 0xff, 0x82,
    0x0, 0x0, 0x0, 0x0, 0x0, 0x0, 0x0, 0x0,
    0x59, 0xff, 0xff, 0xb7, 0x0, 0x0, 0x0, 0x0,
    0x0, 0x0, 0x0, 0x0, 0x99, 0xff, 0xff, 0x8a,
    0x42, 0x74, 0x74, 0x74, 0x74, 0x74, 0x74, 0xa6,
    0xff, 0xff, 0xf9, 0x41, 0xb2, 0xff, 0xff, 0xff,
    0xff, 0xff, 0xff, 0xff, 0xff, 0xed, 0x3e, 0x0,
    0xde, 0xff, 0xff, 0xff, 0xff, 0xff, 0xff, 0xff,
    0xdb, 0x26, 0x0, 0x0,

    /* U+0074 "t" */
    0x0, 0x0, 0x0, 0x83, 0xff, 0xc0, 0x0, 0x0,
    0x0, 0x0, 0xa, 0xed, 0xff, 0x91, 0x0, 0x0,
    0x0, 0x0, 0x6d, 0xff, 0xff, 0x63, 0x0, 0x0,
    0x0, 0xde, 0xff, 0xff, 0xff, 0xff, 0xff, 0x7d,
    0xa, 0xfd, 0xff, 0xff, 0xff, 0xff, 0xff, 0x51,
    0xc, 0x7c, 0xff, 0xff, 0xe1, 0x58, 0x58, 0x11,
    0x0, 0x5c, 0xff, 0xff, 0xab, 0x0, 0x0, 0x0,
    0x0, 0x8a, 0xff, 0xff, 0x7e, 0x0, 0x0, 0x0,
    0x0, 0xb7, 0xff, 0xff, 0x52, 0x0, 0x0, 0x0,
    0x0, 0xe4, 0xff, 0xff, 0x25, 0x0, 0x0, 0x0,
    0x11, 0xff, 0xff, 0xf6, 0x2, 0x0, 0x0, 0x0,
    0x3f, 0xff, 0xff, 0xcb, 0x0, 0x0, 0x0, 0x0,
    0x6c, 0xff, 0xff, 0xbf, 0x0, 0x0, 0x0, 0x0,
    0x68, 0xff, 0xff, 0xff, 0x95, 0x74, 0x21, 0x0,
    0x0, 0xa0, 0xff, 0xff, 0xff, 0xff, 0x26, 0x0,
    0x0, 0x6, 0xbf, 0xff, 0xff, 0xf5, 0x2, 0x0,

    /* U+0075 "u" */
    0x0, 0x2f, 0xff, 0xff, 0xd4, 0x0, 0x0, 0x0,
    0x0, 0x0, 0x0, 0xcb, 0xff, 0xff, 0x3c, 0x0,
    0x5c, 0xff, 0xff, 0xa7, 0x0, 0x0, 0x0, 0x0,
    0x0, 0x2, 0xf5, 0xff, 0xff, 0x10, 0x0, 0x8a,
    0xff, 0xff, 0x79, 0x0, 0x0, 0x0, 0x0, 0x0,
    0x25, 0xff, 0xff, 0xe2, 0x0, 0x0, 0xb7, 0xff,
    0xff, 0x4b, 0x0, 0x0, 0x0, 0x0, 0x0, 0x52,
    0xff, 0xff, 0xb5, 0x0, 0x0, 0xe4, 0xff, 0xff,
    0x1d, 0x0, 0x0, 0x0, 0x0, 0x0, 0x7f, 0xff,
    0xff, 0x88, 0x0, 0x12, 0xff, 0xff, 0xef, 0x0,
    0x0, 0x0, 0x0, 0x0, 0x0, 0xac, 0xff, 0xff,
    0x5a, 0x0, 0x3f, 0xff, 0xff, 0xc2, 0x0, 0x0,
    0x0, 0x0, 0x0, 0x0, 0xd9, 0xff, 0xff, 0x2d,
    0x0, 0x6c, 0xff, 0xff, 0x94, 0x0, 0x0, 0x0,
    0x0, 0x0, 0x9, 0xfd, 0xff, 0xfa, 0x5, 0x0,
    0x9a, 0xff, 0xff, 0x66, 0x0, 0x0, 0x0, 0x0,
    0x11, 0xbc, 0xff, 0xff, 0xd3, 0x0, 0x0, 0xc7,
    0xff, 0xff, 0x54, 0x0, 0x0, 0x0, 0x25, 0xd9,
    0xff, 0xff, 0xff, 0xa5, 0x0, 0x0, 0xa9, 0xff,
    0xff, 0xe2, 0x59, 0x58, 0x67, 0xee, 0xff, 0xff,
    0xff, 0xff, 0x78, 0x0, 0x0, 0xb, 0xd1, 0xff,
    0xff, 0xff, 0xff, 0xff, 0xff, 0xb0, 0xca, 0xff,
    0xff, 0x4b, 0x0, 0x0, 0x0, 0x1f, 0xea, 0xff,
    0xff, 0xff, 0xff, 0x8a, 0x2, 0xea, 0xff, 0xff,
    0x1e, 0x0, 0x0,

    /* U+0076 "v" */
    0x55, 0xff, 0xff, 0xcc, 0x0, 0x0, 0x0, 0x0,
    0x0, 0x0, 0x0, 0x6f, 0xff, 0xff, 0xfa, 0x2a,
    0x15, 0xff, 0xff, 0xf9, 0x6, 0x0, 0x0, 0x0,
    0x0, 0x0, 0xf, 0xec, 0xff, 0xff, 0x86, 0x0,
    0x0, 0xd5, 0xff, 0xff, 0x32, 0x0, 0x0, 0x0,
    0x0, 0x0, 0x8a, 0xff, 0xff, 0xde, 0x9, 0x0,
    0x0, 0x95, 0xff, 0xff, 0x65, 0x0, 0x0, 0x0,
    0x0, 0x1f, 0xf8, 0xff, 0xff, 0x49, 0x0, 0x0,
    0x0, 0x56, 0xff, 0xff, 0x98, 0x0, 0x0, 0x0,
    0x0, 0xa4, 0xff, 0xff, 0xaa, 0x0, 0x0, 0x0,
    0x0, 0x16, 0xff, 0xff, 0xcb, 0x0, 0x0, 0x0,
    0x33, 0xfe, 0xff, 0xf1, 0x1a, 0x0, 0x0, 0x0,
    0x0, 0x0, 0xd6, 0xff, 0xf9, 0x5, 0x0, 0x0,
    0xbe, 0xff, 0xff, 0x6d, 0x0, 0x0, 0x0, 0x0,
    0x0, 0x0, 0x97, 0xff, 0xff, 0x31, 0x0, 0x4c,
    0xff, 0xff, 0xcc, 0x2, 0x0, 0x0, 0x0, 0x0,
    0x0, 0x0, 0x57, 0xff, 0xff, 0x64, 0x3, 0xd5,
    0xff, 0xfd, 0x34, 0x0, 0x0, 0x0, 0x0, 0x0,
    0x0, 0x0, 0x17, 0xff, 0xff, 0x97, 0x67, 0xff,
    0xff, 0x92, 0x0, 0x0, 0x0, 0x0, 0x0, 0x0,
    0x0, 0x0, 0x0, 0xd8, 0xff, 0xfc, 0xfc, 0xff,
    0xe5, 0xe, 0x0, 0x0, 0x0, 0x0, 0x0, 0x0,
    0x0, 0x0, 0x0, 0x98, 0xff, 0xff, 0xff, 0xff,
    0x55, 0x0, 0x0, 0x0, 0x0, 0x0, 0x0, 0x0,
    0x0, 0x0, 0x0, 0x58, 0xff, 0xff, 0xff, 0xb7,
    0x0, 0x0, 0x0, 0x0, 0x0, 0x0, 0x0, 0x0,

    /* U+0077 "w" */
    0x76, 0xff, 0xff, 0x96, 0x0, 0x0, 0x0, 0x0,
    0x0, 0xb9, 0xff, 0xff, 0xe2, 0x0, 0x0, 0x0,
    0x0, 0x0, 0x71, 0xff, 0xff, 0xeb, 0xb, 0x51,
    0xff, 0xff, 0xad, 0x0, 0x0, 0x0, 0x0, 0x2b,
    0xff, 0xff, 0xff, 0xf8, 0x0, 0x0, 0x0, 0x0,
    0x3, 0xdf, 0xff, 0xff, 0x75, 0x0, 0x2c, 0xff,
    0xff, 0xc3, 0x0, 0x0, 0x0, 0x0, 0x9c, 0xff,
    0xff, 0xff, 0xff, 0xf, 0x0, 0x0, 0x0, 0x54,
    0xff, 0xff, 0xe8, 0xa, 0x0, 0x8, 0xfe, 0xff,
    0xd9, 0x0, 0x0, 0x0, 0x15, 0xf7, 0xff, 0xff,
    0xff, 0xff, 0x25, 0x0, 0x0, 0x0, 0xc5, 0xff,
    0xff, 0x71, 0x0, 0x0, 0x0, 0xe2, 0xff, 0xf0,
    0x0, 0x0, 0x0, 0x7f, 0xff, 0xff, 0xfd, 0xff,
    0xff, 0x3c, 0x0, 0x0, 0x36, 0xff, 0xff, 0xe6,
    0x9, 0x0, 0x0, 0x0, 0xbd, 0xff, 0xff, 0x6,
    0x0, 0x7, 0xe8, 0xff, 0xfb, 0x94, 0xff, 0xff,
    0x52, 0x0, 0x0, 0xa8, 0xff, 0xff, 0x6d, 0x0,
    0x0, 0x0, 0x0, 0x98, 0xff, 0xff, 0x1c, 0x0,
    0x62, 0xff, 0xff, 0x9e, 0x4a, 0xff, 0xff, 0x68,
    0x0, 0x1d, 0xfb, 0xff, 0xe4, 0x7, 0x0, 0x0,
    0x0, 0x0, 0x73, 0xff, 0xff, 0x33, 0x0, 0xd2,
    0xff, 0xfb, 0x22, 0x25, 0xff, 0xff, 0x7f, 0x0,
    0x8b, 0xff, 0xff, 0x6a, 0x0, 0x0, 0x0, 0x0,
    0x0, 0x4e, 0xff, 0xff, 0x49, 0x45, 0xff, 0xff,
    0x9b, 0x0, 0x4, 0xfb, 0xff, 0x95, 0xc, 0xf0,
    0xff, 0xe1, 0x6, 0x0, 0x0, 0x0, 0x0, 0x0,
    0x29, 0xff, 0xff, 0x5f, 0xb6, 0xff, 0xfa, 0x1f,
    0x0, 0x0, 0xda, 0xff, 0xab, 0x6e, 0xff, 0xff,
    0x66, 0x0, 0x0, 0x0, 0x0, 0x0, 0x0, 0x7,
    0xfd, 0xff, 0xf9, 0xff, 0xff, 0x98, 0x0, 0x0,
    0x0, 0xb5, 0xff, 0xfc, 0xfb, 0xff, 0xdf, 0x5,
    0x0, 0x0, 0x0, 0x0, 0x0, 0x0, 0x0, 0xdf,
    0xff, 0xff, 0xff, 0xf9, 0x1d, 0x0, 0x0, 0x0,
    0x90, 0xff, 0xff, 0xff, 0xff, 0x62, 0x0, 0x0,
    0x0, 0x0, 0x0, 0x0, 0x0, 0x0, 0xba, 0xff,
    0xff, 0xff, 0x94, 0x0, 0x0, 0x0, 0x0, 0x6b,
    0xff, 0xff, 0xff, 0xdc, 0x4, 0x0, 0x0, 0x0,
    0x0, 0x0, 0x0,

    /* U+0078 "x" */
    0x0, 0x0, 0x30, 0xfe, 0xff, 0xfc, 0x2b, 0x0,
    0x0, 0x0, 0x0, 0x0, 0x37, 0xf9, 0xff, 0xff,
    0xb5, 0x4, 0x0, 0x0, 0x0, 0xa3, 0xff, 0xff,
    0xb8, 0x0, 0x0, 0x0, 0x0, 0x15, 0xe2, 0xff,
    0xff, 0xca, 0xb, 0x0, 0x0, 0x0, 0x0, 0x1f,
    0xf8, 0xff, 0xff, 0x49, 0x0, 0x0, 0x3, 0xbd,
    0xff, 0xff, 0xdc, 0x16, 0x0, 0x0, 0x0, 0x0,
    0x0, 0x0, 0x8d, 0xff, 0xff, 0xd6, 0x4, 0x0,
    0x89, 0xff, 0xff, 0xea, 0x24, 0x0, 0x0, 0x0,
    0x0, 0x0, 0x0, 0x0, 0x12, 0xef, 0xff, 0xff,
    0x6b, 0x50, 0xff, 0xff, 0xf4, 0x35, 0x0, 0x0,
    0x0, 0x0, 0x0, 0x0, 0x0, 0x0, 0x0, 0x77,
    0xff, 0xff, 0xff, 0xff, 0xff, 0xfb, 0x4a, 0x0,
    0x0, 0x0, 0x0, 0x0, 0x0, 0x0, 0x0, 0x0,
    0x0, 0x26, 0xff, 0xff, 0xff, 0xff, 0xff, 0x9e,
    0x0, 0x0, 0x0, 0x0, 0x0, 0x0, 0x0, 0x0,
    0x0, 0x0, 0x10, 0xd4, 0xff, 0xff, 0xf5, 0xff,
    0xff, 0xf0, 0x12, 0x0, 0x0, 0x0, 0x0, 0x0,
    0x0, 0x0, 0x0, 0x6, 0xbf, 0xff, 0xff, 0xb9,
    0xa, 0xe3, 0xff, 0xff, 0x88, 0x0, 0x0, 0x0,
    0x0, 0x0, 0x0, 0x0, 0x1, 0xa6, 0xff, 0xff,
    0xe5, 0x15, 0x0, 0x64, 0xff, 0xff, 0xf5, 0x18,
    0x0, 0x0, 0x0, 0x0, 0x0, 0x0, 0x8b, 0xff,
    0xff, 0xfc, 0x3d, 0x0, 0x0, 0x3, 0xd8, 0xff,
    0xff, 0x92, 0x0, 0x0, 0x0, 0x0, 0x0, 0x6c,
    0xff, 0xff, 0xff, 0x78, 0x0, 0x0, 0x0, 0x0,
    0x54, 0xff, 0xff, 0xf9, 0x1e, 0x0, 0x0, 0x0,
    0x51, 0xfd, 0xff, 0xff, 0xb6, 0x1, 0x0, 0x0,
    0x0, 0x0, 0x0, 0xcb, 0xff, 0xff, 0x9d, 0x0,
    0x0, 0x0,

    /* U+0079 "y" */
    0x4f, 0xff, 0xff, 0xd1, 0x0, 0x0, 0x0, 0x0,
    0x0, 0x0, 0xb, 0xe7, 0xff, 0xff, 0x9c, 0x14,
    0xff, 0xff, 0xfb, 0x8, 0x0, 0x0, 0x0, 0x0,
    0x0, 0x81, 0xff, 0xff, 0xf1, 0x16, 0x0, 0xd8,
    0xff, 0xff, 0x37, 0x0, 0x0, 0x0, 0x0, 0x19,
    0xf4, 0xff, 0xff, 0x72, 0x0, 0x0, 0x9c, 0xff,
    0xff, 0x6a, 0x0, 0x0, 0x0, 0x0, 0x9d, 0xff,
    0xff, 0xd8, 0x5, 0x0, 0x0, 0x61, 0xff, 0xff,
    0x9d, 0x0, 0x0, 0x0, 0x2d, 0xfd, 0xff, 0xff,
    0x48, 0x0, 0x0, 0x0, 0x25, 0xff, 0xff, 0xd1,
    0x0, 0x0, 0x0, 0xb9, 0xff, 0xff, 0xb3, 0x0,
    0x0, 0x0, 0x0, 0x0, 0xe9, 0xff, 0xfb, 0x8,
    0x0, 0x46, 0xff, 0xff, 0xf9, 0x25, 0x0, 0x0,
    0x0, 0x0, 0x0, 0xaf, 0xff, 0xff, 0x37, 0x2,
    0xd2, 0xff, 0xff, 0x89, 0x0, 0x0, 0x0, 0x0,
    0x0, 0x0, 0x73, 0xff, 0xff, 0x6a, 0x63, 0xff,
    0xff, 0xe7, 0xd, 0x0, 0x0, 0x0, 0x0, 0x0,
    0x0, 0x38, 0xff, 0xff, 0xdd, 0xec, 0xff, 0xff,
    0x5e, 0x0, 0x0, 0x0, 0x0, 0x0, 0x0, 0x0,
    0x5, 0xf6, 0xff, 0xff, 0xff, 0xff, 0xc8, 0x1,
    0x0, 0x0, 0x0, 0x0, 0x0, 0x0, 0x0, 0x0,
    0xc1, 0xff, 0xff, 0xff, 0xfe, 0x36, 0x0, 0x0,
    0x0, 0x0, 0x0, 0x0, 0x0, 0x0, 0x0, 0x26,
    0xd7, 0xff, 0xff, 0x9f, 0x0, 0x0, 0x0, 0x0,
    0x0, 0x0, 0x0, 0x0, 0x0, 0x0, 0x49, 0xff,
    0xff, 0xf2, 0x18, 0x0, 0x0, 0x0, 0x0, 0x0,
    0x0, 0x0, 0x0, 0x0, 0x3, 0xd5, 0xff, 0xff,
    0x75, 0x0, 0x0, 0x0, 0x0, 0x0, 0x0, 0x0,
    0x0, 0x0, 0x0, 0x6a, 0xff, 0xff, 0xda, 0x6,
    0x0, 0x0, 0x0, 0x0, 0x0, 0x0, 0x0, 0x0,
    0x0, 0xf, 0xeb, 0xff, 0xff, 0x4b, 0x0, 0x0,
    0x0, 0x0, 0x0, 0x0, 0x0, 0x0, 0x0, 0x0,
    0x8c, 0xff, 0xff, 0xb6, 0x0, 0x0, 0x0, 0x0,
    0x0, 0x0, 0x0, 0x0, 0x0, 0x0,

    /* U+007A "z" */
    0x0, 0x0, 0x0, 0xe2, 0xff, 0xff, 0xff, 0xff,
    0xff, 0xff, 0xff, 0xff, 0xff, 0xd4, 0x0, 0x0,
    0xe, 0xff, 0xff, 0xff, 0xff, 0xff, 0xff, 0xff,
    0xff, 0xff, 0xff, 0xa7, 0x0, 0x0, 0x15, 0x78,
    0x78, 0x78, 0x78, 0x78, 0x78, 0xbf, 0xff, 0xff,
    0xff, 0x7a, 0x0, 0x0, 0x0, 0x0, 0x0, 0x0,
    0x0, 0x0, 0x69, 0xfc, 0xff, 0xff, 0xd1, 0x1a,
    0x0, 0x0, 0x0, 0x0, 0x0, 0x0, 0x1, 0x8a,
    0xff, 0xff, 0xff, 0xba, 0xe, 0x0, 0x0, 0x0,
    0x0, 0x0, 0x0, 0x7, 0xa9, 0xff, 0xff, 0xff,
    0x9f, 0x5, 0x0, 0x0, 0x0, 0x0, 0x0, 0x0,
    0x13, 0xc4, 0xff, 0xff, 0xff, 0x81, 0x0, 0x0,
    0x0, 0x0, 0x0, 0x0, 0x0, 0x23, 0xd9, 0xff,
    0xff, 0xfa, 0x60, 0x0, 0x0, 0x0, 0x0, 0x0,
    0x0, 0x0, 0x38, 0xea, 0xff, 0xff, 0xf1, 0x45,
    0x0, 0x0, 0x0, 0x0, 0x0, 0x0, 0x0, 0x52,
    0xf6, 0xff, 0xff, 0xe4, 0x2e, 0x0, 0x0, 0x0,
    0x0, 0x0, 0x0, 0x0, 0x27, 0xfd, 0xff, 0xff,
    0xfe, 0x90, 0x74, 0x74, 0x74, 0x74, 0x74, 0x74,
    0x14, 0x0, 0x5b, 0xff, 0xff, 0xff, 0xff, 0xff,
    0xff, 0xff, 0xff, 0xff, 0xff, 0xff, 0xe, 0x0,
    0x89, 0xff, 0xff, 0xff, 0xff, 0xff, 0xff, 0xff,
    0xff, 0xff, 0xff, 0xe2, 0x0, 0x0,

    /* U+007B "{" */
    0x0, 0x0, 0x0, 0x0, 0x0, 0x1, 0x61, 0x78,
    0x78, 0x78, 0x78, 0x46, 0x0, 0x0, 0x0, 0x0,
    0x8, 0xa8, 0xff, 0xff, 0xff, 0xff, 0xff, 0x75,
    0x0, 0x0, 0x0, 0x0, 0x97, 0xff, 0xff, 0xff,
    0xff, 0xff, 0xff, 0x49, 0x0, 0x0, 0x0, 0x0,
    0xce, 0xff, 0xff, 0x8f, 0x2, 0x0, 0x0, 0x0,
    0x0, 0x0, 0x0, 0x3, 0xf7, 0xff, 0xfe, 0xd,
    0x0, 0x0, 0x0, 0x0, 0x0, 0x0, 0x0, 0x29,
    0xff, 0xff, 0xde, 0x0, 0x0, 0x0, 0x0, 0x0,
    0x0, 0x0, 0x0, 0x57, 0xff, 0xff, 0xb1, 0x0,
    0x0, 0x0, 0x0, 0x0, 0x0, 0x0, 0x0, 0x85,
    0xff, 0xff, 0x83, 0x0, 0x0, 0x0, 0x0, 0x0,
    0x0, 0x0, 0x0, 0xb2, 0xff, 0xff, 0x56, 0x0,
    0x0, 0x0, 0x0, 0x0, 0x0, 0x0, 0x0, 0xe0,
    0xff, 0xff, 0x28, 0x0, 0x0, 0x0, 0x0, 0x0,
    0x0, 0x0, 0xe, 0xff, 0xff, 0xf7, 0x3, 0x0,
    0x0, 0x0, 0x0, 0x0, 0x0, 0x6, 0xa1, 0xff,
    0xff, 0xc8, 0x0, 0x0, 0x0, 0x0, 0x0, 0x0,
    0x90, 0xff, 0xff, 0xff, 0xcf, 0x1c, 0x0, 0x0,
    0x0, 0x0, 0x0, 0x0, 0xbe, 0xff, 0xff, 0xff,
    0x5a, 0x0, 0x0, 0x0, 0x0, 0x0, 0x0, 0x0,
    0x69, 0xb5, 0xff, 0xff, 0xf2, 0x1c, 0x0, 0x0,
    0x0, 0x0, 0x0, 0x0, 0x0, 0x7, 0xf8, 0xff,
    0xff, 0x1a, 0x0, 0x0, 0x0, 0x0, 0x0, 0x0,
    0x0, 0x1b, 0xff, 0xff, 0xec, 0x0, 0x0, 0x0,
    0x0, 0x0, 0x0, 0x0, 0x0, 0x47, 0xff, 0xff,
    0xbf, 0x0, 0x0, 0x0, 0x0, 0x0, 0x0, 0x0,
    0x0, 0x74, 0xff, 0xff, 0x92, 0x0, 0x0, 0x0,
    0x0, 0x0, 0x0, 0x0, 0x0, 0xa1, 0xff, 0xff,
    0x65, 0x0, 0x0, 0x0, 0x0, 0x0, 0x0, 0x0,
    0x0, 0xce, 0xff, 0xff, 0x37, 0x0, 0x0, 0x0,
    0x0, 0x0, 0x0, 0x0, 0x3, 0xf7, 0xff, 0xfe,
    0xc, 0x0, 0x0, 0x0, 0x0, 0x0, 0x0, 0x0,
    0x28, 0xff, 0xff, 0xe7, 0x0, 0x0, 0x0, 0x0,
    0x0, 0x0, 0x0, 0x0, 0x3d, 0xff, 0xff, 0xff,
    0x9a, 0x74, 0x74, 0x3a, 0x0, 0x0, 0x0, 0x0,
    0x0, 0x94, 0xff, 0xff, 0xff, 0xff, 0xff, 0x62,
    0x0, 0x0, 0x0, 0x0, 0x0, 0x4, 0xba, 0xff,
    0xff, 0xff, 0xff, 0x36, 0x0, 0x0, 0x0, 0x0,

    /* U+007C "|" */
    0x0, 0x0, 0x0, 0x0, 0x3b, 0x80, 0x80, 0x46,
    0x0, 0x0, 0x0, 0x0, 0x9a, 0xff, 0xff, 0x6a,
    0x0, 0x0, 0x0, 0x0, 0xc7, 0xff, 0xff, 0x3c,
    0x0, 0x0, 0x0, 0x1, 0xf3, 0xff, 0xff, 0x10,
    0x0, 0x0, 0x0, 0x22, 0xff, 0xff, 0xe1, 0x0,
    0x0, 0x0, 0x0, 0x4f, 0xff, 0xff, 0xb4, 0x0,
    0x0, 0x0, 0x0, 0x7d, 0xff, 0xff, 0x87, 0x0,
    0x0, 0x0, 0x0, 0xaa, 0xff, 0xff, 0x59, 0x0,
    0x0, 0x0, 0x0, 0xd8, 0xff, 0xff, 0x2c, 0x0,
    0x0, 0x0, 0x8, 0xfc, 0xff, 0xf9, 0x5, 0x0,
    0x0, 0x0, 0x33, 0xff, 0xff, 0xd1, 0x0, 0x0,
    0x0, 0x0, 0x60, 0xff, 0xff, 0xa3, 0x0, 0x0,
    0x0, 0x0, 0x8e, 0xff, 0xff, 0x76, 0x0, 0x0,
    0x0, 0x0, 0xbb, 0xff, 0xff, 0x48, 0x0, 0x0,
    0x0, 0x0, 0xe8, 0xff, 0xff, 0x1b, 0x0, 0x0,
    0x0, 0x15, 0xff, 0xff, 0xed, 0x0, 0x0, 0x0,
    0x0, 0x43, 0xff, 0xff, 0xc0, 0x0, 0x0, 0x0,
    0x0, 0x71, 0xff, 0xff, 0x93, 0x0, 0x0, 0x0,
    0x0, 0x9e, 0xff, 0xff, 0x65, 0x0, 0x0, 0x0,
    0x0, 0xcc, 0xff, 0xff, 0x38, 0x0, 0x0, 0x0,
    0x2, 0xf6, 0xff, 0xfe, 0xc, 0x0, 0x0, 0x0,
    0x27, 0xff, 0xff, 0xdd, 0x0, 0x0, 0x0, 0x0,
    0x54, 0xff, 0xff, 0xaf, 0x0, 0x0, 0x0, 0x0,
    0x81, 0xff, 0xff, 0x82, 0x0, 0x0, 0x0, 0x0,

    /* U+007D "}" */
    0x0, 0x0, 0x0, 0x0, 0x0, 0x47, 0x78, 0x78,
    0x78, 0x76, 0xd, 0x0, 0x0, 0x0, 0x0, 0x0,
    0x0, 0x0, 0xba, 0xff, 0xff, 0xff, 0xff, 0xb2,
    0x2, 0x0, 0x0, 0x0, 0x0, 0x0, 0x0, 0xe9,
    0xff, 0xff, 0xff, 0xff, 0xff, 0x88, 0x0, 0x0,
    0x0, 0x0, 0x0, 0x0, 0x0, 0x0, 0x0, 0x87,
    0xff, 0xff, 0xd3, 0x0, 0x0, 0x0, 0x0, 0x0,
    0x0, 0x0, 0x0, 0x0, 0x60, 0xff, 0xff, 0xa5,
    0x0, 0x0, 0x0, 0x0, 0x0, 0x0, 0x0, 0x0,
    0x0, 0x8d, 0xff, 0xff, 0x77, 0x0, 0x0, 0x0,
    0x0, 0x0, 0x0, 0x0, 0x0, 0x0, 0xbb, 0xff,
    0xff, 0x49, 0x0, 0x0, 0x0, 0x0, 0x0, 0x0,
    0x0, 0x0, 0x0, 0xe8, 0xff, 0xff, 0x1c, 0x0,
    0x0, 0x0, 0x0, 0x0, 0x0, 0x0, 0x0, 0x15,
    0xff, 0xff, 0xed, 0x0, 0x0, 0x0, 0x0, 0x0,
    0x0, 0x0, 0x0, 0x0, 0x44, 0xff, 0xff, 0xc0,
    0x0, 0x0, 0x0, 0x0, 0x0, 0x0, 0x0, 0x0,
    0x0, 0x71, 0xff, 0xff, 0x92, 0x0, 0x0, 0x0,
    0x0, 0x0, 0x0, 0x0, 0x0, 0x0, 0x99, 0xff,
    0xff, 0xca, 0x9, 0x0, 0x0, 0x0, 0x0, 0x0,
    0x0, 0x0, 0x0, 0x27, 0xf0, 0xff, 0xff, 0xff,
    0x61, 0x0, 0x0, 0x0, 0x0, 0x0, 0x0, 0x0,
    0x11, 0xcd, 0xff, 0xff, 0xff, 0x36, 0x0, 0x0,
    0x0, 0x0, 0x0, 0x0, 0x14, 0xd7, 0xff, 0xff,
    0xbc, 0x78, 0xa, 0x0, 0x0, 0x0, 0x0, 0x0,
    0x0, 0x52, 0xff, 0xff, 0xc1, 0x3, 0x0, 0x0,
    0x0, 0x0, 0x0, 0x0, 0x0, 0x0, 0x7f, 0xff,
    0xff, 0x85, 0x0, 0x0, 0x0, 0x0, 0x0, 0x0,
    0x0, 0x0, 0x0, 0xac, 0xff, 0xff, 0x58, 0x0,
    0x0, 0x0, 0x0, 0x0, 0x0, 0x0, 0x0, 0x0,
    0xd9, 0xff, 0xff, 0x2b, 0x0, 0x0, 0x0, 0x0,
    0x0, 0x0, 0x0, 0x0, 0x9, 0xfd, 0xff, 0xf9,
    0x4, 0x0, 0x0, 0x0, 0x0, 0x0, 0x0, 0x0,
    0x0, 0x34, 0xff, 0xff, 0xd1, 0x0, 0x0, 0x0,
    0x0, 0x0, 0x0, 0x0, 0x0, 0x0, 0x61, 0xff,
    0xff, 0xa4, 0x0, 0x0, 0x0, 0x0, 0x0, 0x0,
    0x0, 0x0, 0x0, 0x98, 0xff, 0xff, 0x77, 0x0,
    0x0, 0x0, 0x0, 0x0, 0x4d, 0x74, 0x74, 0x97,
    0xff, 0xff, 0xff, 0x4a, 0x0, 0x0, 0x0, 0x0,
    0x0, 0xca, 0xff, 0xff, 0xff, 0xff, 0xff, 0xcb,
    0xf, 0x0, 0x0, 0x0, 0x0, 0x1, 0xf4, 0xff,
    0xff, 0xff, 0xff, 0xad, 0xa, 0x0, 0x0, 0x0,
    0x0, 0x0,

    /* U+007E "~" */
    0x0, 0x2a, 0xdf, 0xff, 0xff, 0xff, 0x9d, 0x1,
    0x0, 0x0, 0xce, 0xff, 0x59, 0x34, 0xf0, 0xff,
    0xff, 0xff, 0xff, 0xff, 0x8f, 0x28, 0x9f, 0xff,
    0xff, 0x25, 0x8a, 0xff, 0xf9, 0x70, 0x4c, 0xe2,
    0xff, 0xff, 0xff, 0xff, 0xff, 0xbd, 0x1, 0xbb,
    0xff, 0x70, 0x0, 0x0, 0x23, 0xe3, 0xff, 0xff,
    0xff, 0x96, 0x4, 0x0
};


/*---------------------
 *  GLYPH DESCRIPTION
 *--------------------*/

static const lv_font_fmt_txt_glyph_dsc_t glyph_dsc[] = {
    {.bitmap_index = 0, .adv_w = 0, .box_w = 0, .box_h = 0, .ofs_x = 0, .ofs_y = 0} /* id = 0 reserved */,
    {.bitmap_index = 0, .adv_w = 95, .box_w = 0, .box_h = 0, .ofs_x = 0, .ofs_y = 0},
    {.bitmap_index = 0, .adv_w = 108, .box_w = 8, .box_h = 18, .ofs_x = 1, .ofs_y = 0},
    {.bitmap_index = 144, .adv_w = 154, .box_w = 8, .box_h = 6, .ofs_x = 4, .ofs_y = 12},
    {.bitmap_index = 192, .adv_w = 312, .box_w = 18, .box_h = 13, .ofs_x = 2, .ofs_y = 0},
    {.bitmap_index = 426, .adv_w = 268, .box_w = 17, .box_h = 24, .ofs_x = 1, .ofs_y = -3},
    {.bitmap_index = 834, .adv_w = 380, .box_w = 23, .box_h = 20, .ofs_x = 2, .ofs_y = -1},
    {.bitmap_index = 1294, .adv_w = 315, .box_w = 18, .box_h = 19, .ofs_x = 2, .ofs_y = -1},
    {.bitmap_index = 1636, .adv_w = 94, .box_w = 4, .box_h = 6, .ofs_x = 4, .ofs_y = 12},
    {.bitmap_index = 1660, .adv_w = 152, .box_w = 12, .box_h = 26, .ofs_x = 1, .ofs_y = -5},
    {.bitmap_index = 1972, .adv_w = 152, .box_w = 11, .box_h = 26, .ofs_x = 0, .ofs_y = -5},
    {.bitmap_index = 2258, .adv_w = 188, .box_w = 10, .box_h = 9, .ofs_x = 3, .ofs_y = 9},
    {.bitmap_index = 2348, .adv_w = 250, .box_w = 13, .box_h = 13, .ofs_x = 3, .ofs_y = 3},
    {.bitmap_index = 2517, .adv_w = 108, .box_w = 6, .box_h = 6, .ofs_x = 0, .ofs_y = -3},
    {.bitmap_index = 2553, .adv_w = 188, .box_w = 10, .box_h = 3, .ofs_x = 2, .ofs_y = 6},
    {.bitmap_index = 2583, .adv_w = 108, .box_w = 5, .box_h = 4, .ofs_x = 1, .ofs_y = 0},
    {.bitmap_index = 2603, .adv_w = 190, .box_w = 15, .box_h = 21, .ofs_x = 0, .ofs_y = -3},
    {.bitmap_index = 2918, .adv_w = 269, .box_w = 16, .box_h = 18, .ofs_x = 2, .ofs_y = 0},
    {.bitmap_index = 3206, .adv_w = 172, .box_w = 10, .box_h = 18, .ofs_x = 1, .ofs_y = 0},
    {.bitmap_index = 3386, .adv_w = 260, .box_w = 16, .box_h = 18, .ofs_x = 1, .ofs_y = 0},
    {.bitmap_index = 3674, .adv_w = 258, .box_w = 17, .box_h = 18, .ofs_x = 1, .ofs_y = 0},
    {.bitmap_index = 3980, .adv_w = 254, .box_w = 16, .box_h = 18, .ofs_x = 1, .ofs_y = 0},
    {.bitmap_index = 4268, .adv_w = 254, .box_w = 16, .box_h = 18, .ofs_x = 1, .ofs_y = 0},
    {.bitmap_index = 4556, .adv_w = 272, .box_w = 16, .box_h = 18, .ofs_x = 2, .ofs_y = 0},
    {.bitmap_index = 4844, .adv_w = 214, .box_w = 15, .box_h = 18, .ofs_x = 1, .ofs_y = 0},
    {.bitmap_index = 5114, .adv_w = 272, .box_w = 16, .box_h = 18, .ofs_x = 2, .ofs_y = 0},
    {.bitmap_index = 5402, .adv_w = 268, .box_w = 16, .box_h = 18, .ofs_x = 2, .ofs_y = 0},
    {.bitmap_index = 5690, .adv_w = 108, .box_w = 7, .box_h = 13, .ofs_x = 1, .ofs_y = 0},
    {.bitmap_index = 5781, .adv_w = 108, .box_w = 8, .box_h = 16, .ofs_x = 0, .ofs_y = -3},
    {.bitmap_index = 5909, .adv_w = 191, .box_w = 10, .box_h = 14, .ofs_x = 3, .ofs_y = 2},
    {.bitmap_index = 6049, .adv_w = 267, .box_w = 16, .box_h = 8, .ofs_x = 2, .ofs_y = 5},
    {.bitmap_index = 6177, .adv_w = 191, .box_w = 10, .box_h = 14, .ofs_x = 2, .ofs_y = 2},
    {.bitmap_index = 6317, .adv_w = 239, .box_w = 13, .box_h = 18, .ofs_x = 4, .ofs_y = 0},
    {.bitmap_index = 6551, .adv_w = 426, .box_w = 27, .box_h = 23, .ofs_x = 1, .ofs_y = -5},
    {.bitmap_index = 7172, .adv_w = 275, .box_w = 17, .box_h = 18, .ofs_x = 0, .ofs_y = 0},
    {.bitmap_index = 7478, .adv_w = 283, .box_w = 17, .box_h = 18, .ofs_x = 2, .ofs_y = 0},
    {.bitmap_index = 7784, .adv_w = 260, .box_w = 17, .box_h = 18, .ofs_x = 2, .ofs_y = 0},
    {.bitmap_index = 8090, .adv_w = 288, .box_w = 17, .box_h = 18, .ofs_x = 2, .ofs_y = 0},
    {.bitmap_index = 8396, .adv_w = 254, .box_w = 16, .box_h = 18, .ofs_x = 2, .ofs_y = 0},
    {.bitmap_index = 8684, .adv_w = 233, .box_w = 16, .box_h = 18, .ofs_x = 2, .ofs_y = 0},
    {.bitmap_index = 8972, .adv_w = 288, .box_w = 17, .box_h = 18, .ofs_x = 2, .ofs_y = 0},
    {.bitmap_index = 9278, .adv_w = 293, .box_w = 18, .box_h = 18, .ofs_x = 2, .ofs_y = 0},
    {.bitmap_index = 9602, .adv_w = 158, .box_w = 11, .box_h = 18, .ofs_x = 1, .ofs_y = 0},
    {.bitmap_index = 9800, .adv_w = 236, .box_w = 15, .box_h = 18, .ofs_x = 1, .ofs_y = 0},
    {.bitmap_index = 10070, .adv_w = 272, .box_w = 19, .box_h = 18, .ofs_x = 2, .ofs_y = 0},
    {.bitmap_index = 10412, .adv_w = 229, .box_w = 13, .box_h = 18, .ofs_x = 2, .ofs_y = 0},
    {.bitmap_index = 10646, .adv_w = 360, .box_w = 22, .box_h = 18, .ofs_x = 2, .ofs_y = 0},
    {.bitmap_index = 11042, .adv_w = 296, .box_w = 18, .box_h = 18, .ofs_x = 2, .ofs_y = 0},
    {.bitmap_index = 11366, .adv_w = 281, .box_w = 17, .box_h = 18, .ofs_x = 2, .ofs_y = 0},
    {.bitmap_index = 11672, .adv_w = 250, .box_w = 16, .box_h = 18, .ofs_x = 2, .ofs_y = 0},
    {.bitmap_index = 11960, .adv_w = 281, .box_w = 17, .box_h = 20, .ofs_x = 2, .ofs_y = -2},
    {.bitmap_index = 12300, .adv_w = 278, .box_w = 17, .box_h = 18, .ofs_x = 2, .ofs_y = 0},
    {.bitmap_index = 12606, .adv_w = 268, .box_w = 17, .box_h = 18, .ofs_x = 1, .ofs_y = 0},
    {.bitmap_index = 12912, .adv_w = 226, .box_w = 14, .box_h = 18, .ofs_x = 3, .ofs_y = 0},
    {.bitmap_index = 13164, .adv_w = 285, .box_w = 19, .box_h = 18, .ofs_x = 1, .ofs_y = 0},
    {.bitmap_index = 13506, .adv_w = 275, .box_w = 18, .box_h = 18, .ofs_x = 3, .ofs_y = 0},
    {.bitmap_index = 13830, .adv_w = 367, .box_w = 23, .box_h = 18, .ofs_x = 3, .ofs_y = 0},
    {.bitmap_index = 14244, .adv_w = 266, .box_w = 20, .box_h = 18, .ofs_x = 0, .ofs_y = 0},
    {.bitmap_index = 14604, .adv_w = 264, .box_w = 17, .box_h = 18, .ofs_x = 3, .ofs_y = 0},
    {.bitmap_index = 14910, .adv_w = 263, .box_w = 18, .box_h = 18, .ofs_x = 1, .ofs_y = 0},
    {.bitmap_index = 15234, .adv_w = 152, .box_w = 12, .box_h = 26, .ofs_x = 1, .ofs_y = -5},
    {.bitmap_index = 15546, .adv_w = 190, .box_w = 8, .box_h = 21, .ofs_x = 3, .ofs_y = -3},
    {.bitmap_index = 15714, .adv_w = 152, .box_w = 12, .box_h = 26, .ofs_x = 0, .ofs_y = -5},
    {.bitmap_index = 16026, .adv_w = 236, .box_w = 12, .box_h = 6, .ofs_x = 4, .ofs_y = 13},
    {.bitmap_index = 16098, .adv_w = 232, .box_w = 15, .box_h = 3, .ofs_x = -1, .ofs_y = -4},
    {.bitmap_index = 16143, .adv_w = 122, .box_w = 6, .box_h = 4, .ofs_x = 0, .ofs_y = 20},
    {.bitmap_index = 16167, .adv_w = 234, .box_w = 14, .box_h = 13, .ofs_x = 1, .ofs_y = 0},
    {.bitmap_index = 16349, .adv_w = 254, .box_w = 16, .box_h = 18, .ofs_x = 1, .ofs_y = 0},
    {.bitmap_index = 16637, .adv_w = 228, .box_w = 13, .box_h = 13, .ofs_x = 2, .ofs_y = 0},
    {.bitmap_index = 16806, .adv_w = 254, .box_w = 16, .box_h = 18, .ofs_x = 2, .ofs_y = 0},
    {.bitmap_index = 17094, .adv_w = 237, .box_w = 13, .box_h = 13, .ofs_x = 2, .ofs_y = 0},
    {.bitmap_index = 17263, .adv_w = 126, .box_w = 11, .box_h = 18, .ofs_x = 1, .ofs_y = 0},
    {.bitmap_index = 17461, .adv_w = 254, .box_w = 16, .box_h = 18, .ofs_x = 1, .ofs_y = -5},
    {.bitmap_index = 17749, .adv_w = 256, .box_w = 16, .box_h = 18, .ofs_x = 1, .ofs_y = 0},
    {.bitmap_index = 18037, .adv_w = 108, .box_w = 7, .box_h = 18, .ofs_x = 1, .ofs_y = 0},
    {.bitmap_index = 18163, .adv_w = 113, .box_w = 11, .box_h = 23, .ofs_x = -2, .ofs_y = -5},
    {.bitmap_index = 18416, .adv_w = 221, .box_w = 16, .box_h = 18, .ofs_x = 1, .ofs_y = 0},
    {.bitmap_index = 18704, .adv_w = 108, .box_w = 8, .box_h = 18, .ofs_x = 1, .ofs_y = 0},
    {.bitmap_index = 18848, .adv_w = 413, .box_w = 25, .box_h = 13, .ofs_x = 1, .ofs_y = 0},
    {.bitmap_index = 19173, .adv_w = 263, .box_w = 16, .box_h = 13, .ofs_x = 1, .ofs_y = 0},
    {.bitmap_index = 19381, .adv_w = 246, .box_w = 14, .box_h = 13, .ofs_x = 2, .ofs_y = 0},
    {.bitmap_index = 19563, .adv_w = 254, .box_w = 16, .box_h = 18, .ofs_x = 1, .ofs_y = -5},
    {.bitmap_index = 19851, .adv_w = 254, .box_w = 15, .box_h = 18, .ofs_x = 2, .ofs_y = -5},
    {.bitmap_index = 20121, .adv_w = 167, .box_w = 12, .box_h = 13, .ofs_x = 1, .ofs_y = 0},
    {.bitmap_index = 20277, .adv_w = 227, .box_w = 12, .box_h = 13, .ofs_x = 2, .ofs_y = 0},
    {.bitmap_index = 20433, .adv_w = 138, .box_w = 8, .box_h = 16, .ofs_x = 2, .ofs_y = 0},
    {.bitmap_index = 20561, .adv_w = 254, .box_w = 15, .box_h = 13, .ofs_x = 2, .ofs_y = 0},
    {.bitmap_index = 20756, .adv_w = 245, .box_w = 16, .box_h = 13, .ofs_x = 2, .ofs_y = 0},
    {.bitmap_index = 20964, .adv_w = 354, .box_w = 23, .box_h = 13, .ofs_x = 2, .ofs_y = 0},
    {.bitmap_index = 21263, .adv_w = 242, .box_w = 18, .box_h = 13, .ofs_x = 0, .ofs_y = 0},
    {.bitmap_index = 21497, .adv_w = 236, .box_w = 15, .box_h = 18, .ofs_x = 2, .ofs_y = -5},
    {.bitmap_index = 21767, .adv_w = 229, .box_w = 14, .box_h = 13, .ofs_x = 1, .ofs_y = 0},
    {.bitmap_index = 21949, .adv_w = 187, .box_w = 12, .box_h = 26, .ofs_x = 3, .ofs_y = -5},
    {.bitmap_index = 22261, .adv_w = 112, .box_w = 8, .box_h = 24, .ofs_x = 1, .ofs_y = -3},
    {.bitmap_index = 22453, .adv_w = 187, .box_w = 13, .box_h = 26, .ofs_x = -1, .ofs_y = -5},
    {.bitmap_index = 22791, .adv_w = 245, .box_w = 13, .box_h = 4, .ofs_x = 3, .ofs_y = 7}
};

/*---------------------
 *  CHARACTER MAPPING
 *--------------------*/



/*Collect the unicode lists and glyph_id offsets*/
static const lv_font_fmt_txt_cmap_t cmaps[] =
{
    {
        .range_start = 32, .range_length = 95, .glyph_id_start = 1,
        .unicode_list = NULL, .glyph_id_ofs_list = NULL, .list_length = 0, .type = LV_FONT_FMT_TXT_CMAP_FORMAT0_TINY
    }
};

/*-----------------
 *    KERNING
 *----------------*/


/*Map glyph_ids to kern left classes*/
static const uint8_t kern_left_class_mapping[] =
{
    0, 0, 0, 0, 0, 0, 0, 0,
    0, 0, 0, 0, 0, 0, 0, 0,
    1, 0, 0, 2, 0, 3, 0, 0,
    4, 5, 0, 0, 0, 0, 0, 0,
    0, 0, 6, 7, 8, 9, 10, 11,
    12, 13, 13, 0, 14, 15, 0, 13,
    16, 17, 16, 18, 19, 20, 0, 21,
    22, 23, 24, 25, 0, 0, 0, 0,
    0, 0, 26, 27, 28, 0, 29, 30,
    31, 26, 32, 33, 34, 0, 26, 26,
    27, 27, 35, 36, 27, 37, 38, 39,
    40, 41, 42, 43, 0, 0, 0, 0
};

/*Map glyph_ids to kern right classes*/
static const uint8_t kern_right_class_mapping[] =
{
    0, 0, 0, 0, 0, 0, 0, 0,
    0, 0, 0, 0, 0, 0, 0, 0,
    1, 0, 0, 2, 3, 4, 0, 0,
    5, 2, 0, 0, 0, 0, 0, 0,
    0, 0, 6, 7, 8, 7, 0, 0,
    8, 7, 7, 9, 7, 7, 0, 7,
    8, 7, 8, 7, 10, 11, 0, 12,
    13, 14, 15, 16, 0, 0, 0, 0,
    0, 0, 17, 0, 18, 18, 18, 19,
    18, 20, 0, 21, 0, 20, 22, 22,
    18, 22, 18, 22, 18, 23, 24, 25,
    26, 27, 28, 29, 0, 0, 0, 0
};

/*Kern values between classes*/
static const int8_t kern_class_values[] =
{
    0, 0, 0, 0, 9, 0, 0, 0,
    0, 0, 0, 0, 0, 0, 0, 0,
    0, 0, 0, 0, 0, 0, 0, 0,
    0, 0, 0, 0, 0, 0, 0, 0,
    -26, -4, 0, 0, 0, 0, 0, 0,
    0, 0, 0, 0, 0, 0, 0, 0,
    0, 0, 0, 0, 0, 0, 0, 0,
    0, 0, 0, 0, 0, 0, -4, 0,
    0, 0, 0, 0, 0, 0, 0, 0,
    0, 0, 0, 0, 0, 0, 0, 0,
    0, 0, 0, 0, 0, 0, 0, -31,
    -9, -10, -26, 9, 0, 0, 0, 0,
    0, 0, 0, 0, 0, 0, 0, 0,
    0, 0, 0, 0, 0, 0, 0, 0,
    0, 0, 0, 0, 0, 0, 0, 0,
    -9, 0, 0, 0, 0, 0, 0, 0,
    0, 0, 0, 0, 0, 0, 0, 0,
    0, 0, 0, 0, 0, 0, 0, 0,
    0, 0, 0, 0, 0, 0, 0, 0,
    -4, 0, -9, -31, -28, -14, 11, -31,
    -4, 0, 0, 0, 0, 0, 0, 0,
    0, -16, -4, 0, -16, 0, 0, 0,
    0, 0, 0, -4, 0, -4, 0, -9,
    -9, -13, -18, -13, -22, -4, 0, 0,
    0, 0, 0, 0, 0, 0, 0, 0,
    0, 0, 0, 0, 0, 0, 0, 0,
    0, 0, 0, 0, -4, 0, 0, 0,
    0, 0, 0, 0, 0, 0, 0, 0,
    0, 0, 0, -9, 0, 0, -9, 0,
    0, 0, 0, 0, 0, -9, 0, 0,
    0, -4, -4, -7, -7, -18, -18, -9,
    0, 0, 0, 0, 0, 0, 0, 0,
    0, 0, 0, 0, 0, 0, 0, 0,
    0, 0, 0, 0, 0, 0, -7, 0,
    0, 0, 0, 0, 0, -4, 0, 0,
    0, 0, 0, 0, 0, -9, -4, 0,
    -9, 0, 0, 0, 0, 0, 0, -24,
    0, 0, -44, 0, 0, 0, 0, 0,
    0, -13, -35, -22, 0, 0, 0, -9,
    0, -18, -4, 0, 0, -4, -18, 0,
    0, 0, 0, 0, 0, 0, 0, 0,
    0, 0, 0, 0, 0, 0, 0, 0,
    0, 0, 0, 0, 0, 0, 0, -13,
    -9, 0, -13, 0, 0, 0, 0, 0,
    0, 0, 0, 0, 0, 0, 0, 0,
    0, 0, 0, 0, 0, 0, 0, 0,
    0, 0, 0, 0, -9, -9, 0, -9,
    0, 0, 0, 0, 0, 0, 0, 0,
    -9, 0, -9, 0, 0, 0, 0, 0,
    0, -11, -7, 0, 0, 0, 0, 0,
    0, -35, -31, 0, -35, 0, 0, 0,
    0, 0, 0, 9, 0, 0, 0, 0,
    -44, -44, -26, 4, -53, 0, 0, -7,
    0, 0, 0, 0, 0, -4, -26, -13,
    0, -26, 0, 0, 0, 0, 0, 0,
    -4, 0, 0, -9, -4, 0, -2, -4,
    -4, -13, 0, 0, 0, 0, 0, 0,
    0, 0, 0, 0, 0, 0, 0, 0,
    0, 0, 0, 0, 0, -24, 0, 0,
    -24, 0, 0, 0, 0, 0, 0, -18,
    -18, 0, 0, 0, 0, 0, 0, -9,
    0, 0, 0, 0, 0, 0, 0, 0,
    0, 0, -4, 0, 0, -18, -4, -9,
    -4, 0, 0, -4, -9, -9, -4, 0,
    0, 0, 0, 0, 0, 0, 0, 0,
    0, 0, 0, 0, 0, 0, 0, 0,
    0, 0, 0, -9, -9, -9, -4, -4,
    -9, -13, 0, 0, 0, 0, 0, 0,
    0, 0, -9, 0, 0, -9, 0, 0,
    0, 0, 0, 0, -31, 0, 0, -53,
    -9, 4, 4, 0, 4, 4, -31, -44,
    -40, 0, 0, 0, -31, 0, -35, -26,
    -26, -22, -26, -26, 0, 0, 0, 0,
    0, -22, 0, -2, -31, -9, 4, 0,
    0, 4, 4, -18, -26, -22, 0, 0,
    0, -16, 0, -22, 0, 0, 0, 0,
    -4, 0, 0, 0, 0, 0, -9, 0,
    -4, -26, -4, 0, 0, 0, 0, 0,
    -13, -13, -13, 0, 0, 0, -2, 0,
    -7, 0, 0, 0, 0, 0, 0, 0,
    0, 0, 0, 11, 0, -4, -4, -4,
    4, 4, 0, 0, 0, -9, 0, 0,
    0, 0, 0, 0, 0, 0, 0, 0,
    0, 0, 0, 0, 0, 0, 0, 0,
    -22, 0, -13, -62, -9, 4, 4, 0,
    0, 0, -18, -35, -26, 0, 0, 0,
    -22, 0, -26, -13, -9, -4, -13, -9,
    0, 0, 0, 0, 0, -9, 0, 0,
    -4, -18, -22, -13, -13, -9, -18, 0,
    -22, -26, -22, 0, 0, -18, 0, -26,
    -22, -20, -4, -22, 0, 0, 0, 0,
    0, 0, 0, 0, 0, 0, 0, -31,
    -18, -7, 0, -24, -13, 0, 0, 0,
    0, 0, 0, 0, 0, -4, 0, 0,
    -4, 0, 0, 0, 0, 0, 0, 0,
    0, 0, 0, -4, -40, -22, -13, 0,
    -26, -18, 0, -2, 0, 0, 0, 0,
    0, 0, -10, -7, -7, -10, -9, 0,
    0, 0, 0, 0, 0, 0, 0, 0,
    -4, -40, -22, -13, 0, -22, -18, -11,
    0, 0, 0, 0, 0, 0, 0, -7,
    -4, 0, -7, 0, 0, 0, 0, 0,
    0, 0, 0, 0, 0, -4, -40, -22,
    -13, 0, -22, -18, -11, 0, 0, 0,
    0, 0, 0, 0, -4, -4, 0, -7,
    0, 0, 0, 0, 0, 0, 0, 0,
    0, -13, 0, 13, 9, 13, 0, 9,
    0, -9, 0, 0, 9, 0, 0, 0,
    0, 9, 0, 0, 9, 0, 0, 0,
    0, 0, 0, 0, 0, 0, 0, 0,
    -26, -16, -2, 0, -26, -13, 0, 0,
    0, 0, 0, 0, 0, 0, 0, 0,
    0, 0, 0, 0, 0, 0, 0, 0,
    0, 0, 0, 0, 0, 0, 0, 0,
    0, 0, 0, -2, 0, 0, 0, 0,
    0, 0, 0, 0, 0, 0, 0, 0,
    0, 0, 0, 0, 0, 0, 0, 0,
    0, 0, 0, 0, 0, 0, 0, 0,
    0, -2, 0, 0, 0, 0, 0, 0,
    0, 0, 0, 0, 0, 0, 0, 0,
    0, 0, 0, 0, 0, 0, 0, -18,
    0, 0, 0, -16, 0, -11, -7, 0,
    0, 0, 0, 0, 0, -4, 0, 0,
    -4, 0, 0, 0, 0, 0, 0, 0,
    0, 0, 0, 0, 0, -16, -2, 0,
    -22, 0, 0, 0, 0, 0, 9, 0,
    0, 0, 0, 0, 0, 0, 0, 0,
    0, 0, 0, 0, -13, 0, 0, -18,
    0, -18, 0, 0, 0, 0, -35, -13,
    -4, 9, 0, 0, 0, 9, 0, 8,
    9, 0, 8, 0, 0, 0, 0, 0,
    0, 0, 0, 0, 0, 0, 0, 0,
    0, 0, 0, 0, 0, 0, 0, 0,
    0, 0, 0, 0, 0, 0, 0, 0,
    4, 0, 0, 0, 0, 0, 0, 0,
    0, 0, 0, -31, -16, -2, 0, -22,
    -13, 0, 0, 0, 0, 0, 0, 0,
    0, 0, 0, 0, 0, 0, 0, 0,
    0, 0, 0, -16, -9, 0, -9, -4,
    -26, 0, 0, 0, -13, -26, -11, -10,
    4, 0, 0, 0, 4, -2, 0, 4,
    0, 0, 0, 0, 0, 0, 0, 0,
    -4, -9, 0, -4, 0, -22, 0, 0,
    0, -9, -16, -13, -4, 0, 0, 0,
    0, 0, -2, 4, 4, 0, 4, 0,
    0, 0, 0, 0, 0, 0, 0, 0,
    0, 0, -22, 0, 0, 0, -4, -9,
    0, 0, 0, 0, 0, 0, 0, 0,
    0, 0, 4, 0, 0, 0, 0, 0,
    0, 0, -16, -9, 0, -9, -4, -26,
    0, 0, 0, -13, -26, -13, -10, 4,
    0, 0, 0, 4, 0, 0, 4, 0,
    0, 0, 0, 0, 0, 0, 0, 0,
    0, 0, 0, -4, -26, -4, 0, 0,
    -9, 0, -9, -4, 0, 0, 0, 0,
    0, 0, -8, 0, 0, -8, 0
};


/*Collect the kern class' data in one place*/
static const lv_font_fmt_txt_kern_classes_t kern_classes =
{
    .class_pair_values   = kern_class_values,
    .left_class_mapping  = kern_left_class_mapping,
    .right_class_mapping = kern_right_class_mapping,
    .left_class_cnt      = 43,
    .right_class_cnt     = 29,
};

/*--------------------
 *  ALL CUSTOM DATA
 *--------------------*/

#if LVGL_VERSION_MAJOR == 8
/*Store all the custom data of the font*/
static  lv_font_fmt_txt_glyph_cache_t cache;
#endif

#if LVGL_VERSION_MAJOR >= 8
static const lv_font_fmt_txt_dsc_t font_dsc = {
#else
static lv_font_fmt_txt_dsc_t font_dsc = {
#endif
    .glyph_bitmap = glyph_bitmap,
    .glyph_dsc = glyph_dsc,
    .cmaps = cmaps,
    .kern_dsc = &kern_classes,
    .kern_scale = 16,
    .cmap_num = 1,
    .bpp = 8,
    .kern_classes = 1,
    .bitmap_format = 0,
#if LVGL_VERSION_MAJOR == 8
    .cache = &cache
#endif
};



/*-----------------
 *  PUBLIC FONT
 *----------------*/

/*Initialize a public general font descriptor*/
#if LVGL_VERSION_MAJOR >= 8
const lv_font_t ui_font_t25 = {
#else
lv_font_t ui_font_t25 = {
#endif
    .get_glyph_dsc = lv_font_get_glyph_dsc_fmt_txt,    /*Function pointer to get glyph's data*/
    .get_glyph_bitmap = lv_font_get_bitmap_fmt_txt,    /*Function pointer to get glyph's bitmap*/
    .line_height = 29,          /*The maximum line height required by the font*/
    .base_line = 5,             /*Baseline measured from the bottom of the line*/
#if !(LVGL_VERSION_MAJOR == 6 && LVGL_VERSION_MINOR == 0)
    .subpx = LV_FONT_SUBPX_NONE,
#endif
#if LV_VERSION_CHECK(7, 4, 0) || LVGL_VERSION_MAJOR >= 8
    .underline_position = -2,
    .underline_thickness = 1,
#endif
    .dsc = &font_dsc,          /*The custom font data. Will be accessed by `get_glyph_bitmap/dsc` */
#if LV_VERSION_CHECK(8, 2, 0) || LVGL_VERSION_MAJOR >= 9
    .fallback = NULL,
#endif
    .user_data = NULL,
};



#endif /*#if UI_FONT_T25*/

